客先№ ,会社名,〒,住所１,住所２,℡,FAX,所属№,所属名,営業所№,営業所名,国№,国名,地区№,地区名,地区
20657-76,ヤマト運輸㈱　伊勢原上粕屋センター止メ,259-1141,神奈川県伊勢原市上粕屋２－２,(ｾﾝﾀｰｺｰﾄﾞ:027070),0570-200-000,046-296-9411,335010,神奈川営業所,304,神奈川,101,日本,21,神奈川,神奈川県
23177-40,ヤマト運輸㈱　柏高田センター止メ,277-0861,千葉県柏市高田３７９－１３,(ｾﾝﾀｰｺｰﾄﾞ:135312),0471-48-3718,047-157-3542,332010,関東支店,302,関東,101,日本,22,千葉,千葉県
23177-45,ヤマト運輸㈱さいたま佐知川宅急便ｾﾝ止,331-0059,埼玉県さいたま市西区大字水判土字観音前１７－１,(ｾﾝﾀｰｺｰﾄﾞ:024410),048-611-1111,048-722-3141,331010,東京営業所,301,東京,101,日本,23,埼玉,埼玉県
23177-49,ヤマト運輸㈱　群馬甘楽営業所止メ,370-2212,群馬県甘楽郡甘楽町福島１２５８－１３,(ｾﾝﾀｰｺｰﾄﾞ:023121),0570-200-000,027-290-3812,332010,関東支店,302,関東,101,日本,26,群馬,群馬県
23177-50,ヤマト運輸㈱　新鎌ヶ谷営業所止メ,273-0121,千葉県鎌ケ谷市初富１９０－６,(ｾﾝﾀｰｺｰﾄﾞ:035060),0570-200-000,047-432-9302,332010,関東支店,302,関東,101,日本,22,千葉,千葉県
23177-51,ヤマト運輸㈱　桐生広沢センター止メ,376-0013,群馬県桐生市広沢町１丁目２４７７,(ｾﾝﾀｰｺｰﾄﾞ:023020),0570-200-000,027-290-3812,332010,関東支店,302,関東,101,日本,26,群馬,群馬県
23177-53,ヤマト運輸㈱　赤湯センター止メ,992-0344,山形県東置賜郡高畠町大字深沼字蒲原２１２６－４,(ｾﾝﾀｰｺｰﾄﾞ:014331),0570-200-000,"	023-687-4180",332010,関東支店,302,関東,101,日本,15,山形,山形県
23177-55,ヤマト運輸㈱群馬下二田南牧センター止メ,370-2452,群馬県富岡市上小林山神２２３－１,(ｾﾝﾀｰｺｰﾄﾞ:023120),0570-200-000,027-290-3812,332010,関東支店,302,関東,101,日本,26,群馬,群馬県
23177-56,ヤマト運輸㈱　群馬富岡センター止メ,370-2452,群馬県富岡市上小林山神２２３－１,(ｾﾝﾀｰｺｰﾄﾞ:023122),0570-200-000,027-290-3812,332010,関東支店,302,関東,101,日本,26,群馬,群馬県
23177-57,ヤマト運輸㈱　相模原上溝センター止メ,252-0243,神奈川県相模原市中央区上溝２２５８－１,(ｾﾝﾀｰｺｰﾄﾞ:027010),0570-200-000,046-296-9411,335010,神奈川営業所,304,神奈川,101,日本,21,神奈川,神奈川県
23177-58,ヤマト運輸㈱　伊南飯島センター止メ,399-3303,長野県下伊那郡松川町元大島５２１６－１,(ｾﾝﾀｰｺｰﾄﾞ:043082),0570-200-000,0263-51-1638,338010,甲信営業所,309,甲信,101,日本,34,長野,長野県
23177-61,ヤマト運輸㈱　三条塚野目センター止メ,955-0051,新潟県三条市鶴田３－２６０－１,(ｾﾝﾀｰｺｰﾄﾞ:040012),0570-200-000,025-230-3311,336010,関東支店,306,新潟,101,日本,30,新潟,新潟県
23177-62,ヤマト運輸㈱　三条月岡センター止メ,955-0803,新潟県三条市月岡１丁目７－３１,(ｾﾝﾀｰｺｰﾄﾞ:040011),0256-38-1763,025-230-3311,336010,関東支店,306,新潟,101,日本,30,新潟,新潟県
23177-63,ヤマト運輸㈱　新鎌ヶ谷センター止メ,273-0121,千葉県鎌ケ谷市初富１９０－６,(ｾﾝﾀｰｺｰﾄﾞ:035060),0570-200-000,047-432-9302,332010,関東支店,302,関東,101,日本,22,千葉,千葉県
23177-64,ヤマト運輸㈱　白河東センター止メ,961-0041,福島県白河市結城７７,(ｾﾝﾀｰｺｰﾄﾞ:015062),0570-200-000,024-968-1050,332010,関東支店,302,関東,101,日本,16,福島,福島県
23177-66,ヤマト運輸㈱　伊勢崎南センター止メ,372-0834,群馬県伊勢崎市堀口町９３３－１,(ｾﾝﾀｰｺｰﾄﾞ:023080),0570-200-000,027-290-3812,332010,関東支店,302,関東,101,日本,26,群馬,群馬県
23177-67,ヤマト運輸　松本島立営業所止め,390-0852,長野県松本市大字島立字北原１０４１－１,(ｾﾝﾀｰｺｰﾄﾞ:043150),0263-51-5230,0263-51-1638,338010,甲信営業所,309,甲信,101,日本,34,長野,長野県
23177-68,ヤマト運輸㈱　小千谷営業所（桜町）止メ,947-0035,新潟県小千谷市大字桜町４８７３,(ｾﾝﾀｰｺｰﾄﾞ:041101),0258-83-2252,0258-46-0585,336010,関東支店,306,新潟,101,日本,30,新潟,新潟県
23177-69,ヤマト運輸㈱　群馬沼田センター止メ,378-0005,群馬県沼田市久屋原町４６６－１,(ｾﾝﾀｰｺｰﾄﾞ:023050),0570-200-000,027-290-3812,332010,関東支店,302,関東,101,日本,26,群馬,群馬県
23177-74,ヤマト運輸　豊川牛久保センター止め,442-0826,愛知県豊川市牛久保町城下８,(ｾﾝﾀｰｺｰﾄﾞ:053022),090-3385-6313,,11010,名古屋支店,101,名古屋,101,日本,41,愛知,愛知県
23177-76,ヤマト運輸㈱　群馬太田別所センター止メ,373-0041,群馬県太田市別所町５３０－１,(ｾﾝﾀｰｺｰﾄﾞ:023172),0570-200-000,027-290-3812,332010,関東支店,302,関東,101,日本,26,群馬,群馬県
23177-77,ヤマト運輸　見附今町営業所止メ,954-0111,新潟県見附市今町７丁目２１９２,(ｾﾝﾀｰｺｰﾄﾞ:041091),0570-200-000,0258-46-0585,336010,関東支店,306,新潟,101,日本,30,新潟,新潟県
23177-78,ヤマト運輸㈱山形河北町宅急便ｾﾝﾀｰ止メ,999-3512,山形県西村山郡河北町谷地中央５－４－３,(ｾﾝﾀｰｺｰﾄﾞ:014170),0570-200-000,023-687-4180,332010,関東支店,302,関東,101,日本,15,山形,山形県
23177-79,ヤマト運輸㈱　坂戸千代田センター止メ,350-0209,埼玉県坂戸市大字塚越１１４１－１,(ｾﾝﾀｰｺｰﾄﾞ:034260),0570-200-000,0493-25-0683,331010,東京営業所,301,東京,101,日本,23,埼玉,埼玉県
23177-81,ヤマト運輸㈱　宇都宮清原センター止メ,321-3222,栃木県宇都宮市野高谷町３０９－１,(ｾﾝﾀｰｺｰﾄﾞ:022240),0570-200-000,0289-76-6911,332010,関東支店,302,関東,101,日本,25,栃木,栃木県
23177-82,ヤマト運輸㈱　上吉田センター止め,403-0032,山梨県富士吉田市上吉田東５丁目５－１,(ｾﾝﾀｰｺｰﾄﾞ:037050),0570-200-000,055-268-5606,338010,甲信営業所,309,甲信,101,日本,27,山梨,山梨県
23177-83,ヤマト運輸㈱　安曇野豊科営業所止め,399-8205,長野県安曇野市豊科３５２９－１,(ｾﾝﾀｰｺｰﾄﾞ:043330),0570-200-000,"	0263-51-1638",338010,甲信営業所,309,甲信,101,日本,34,長野,長野県
23177-86,ヤマト運輸㈱　山梨一宮センター,405-0056,山梨県笛吹市一宮町一ノ宮１３９０－１,(ｾﾝﾀｰｺｰﾄﾞ:037030),0570-200-000,"	055-268-5606",338010,甲信営業所,309,甲信,101,日本,27,山梨,山梨県
23177-89,ヤマト運輸　新潟加茂営業所止め,959-1311,新潟県加茂市大字加茂新田１００１０－１３,(ｾﾝﾀｰｺｰﾄﾞ:040880),0570-200-000,025-230-3311,336010,関東支店,306,新潟,101,日本,30,新潟,新潟県
23177-91,ヤマト運輸㈱　石狩新港センター止メ,061-3241,北海道石狩市新港西１丁目７７８－３、７７８－２,(ｾﾝﾀｰｺｰﾄﾞ:000350),0570-200-000,011-896-4200,332010,関東支店,302,関東,101,日本,10,北海道,北海道
23177-94,ヤマト運輸㈱　笠間石井センター止メ,309-1613,茨城県笠間市石井４５２－８,(ｾﾝﾀｰｺｰﾄﾞ:021182),0570-200-000,029-831-3413,332010,関東支店,302,関東,101,日本,24,茨城,茨城県
23177-95,ヤマト運輸㈱かすみがうら東センター止メ,300-0134,茨城県かすみがうら市深谷２６２３－１,(ｾﾝﾀｰｺｰﾄﾞ:021082),0570-200-000,029-831-3413,332010,関東支店,302,関東,101,日本,24,茨城,茨城県
23177-97,ヤマト運輸㈱福生武蔵野台センター止メ,205-0003,東京都羽村市緑ケ丘２丁目４－３４,(ｾﾝﾀｰｺｰﾄﾞ:033105),0570-200-000,"	042-549-7424",331010,東京営業所,301,東京,101,日本,20,東京,東京都
23177-98,ヤマト運輸㈱　南忠次センター止メ,457-0843,愛知県名古屋市南区忠次１丁目２－１,(ｾﾝﾀｰｺｰﾄﾞ:054181),0570-200-000,052-411-7833,11010,名古屋支店,101,名古屋,101,日本,41,愛知,愛知県
23177-99,ヤマト運輸㈱　水沢佐倉河センター止メ,023-0003,岩手県奥州市水沢佐倉河字東大畑５２－６,(ｾﾝﾀｰｺｰﾄﾞ:012030),0570-200-000,0197-81-4747,332010,関東支店,302,関東,101,日本,12,岩手,岩手県
63025-91,ヤマト運輸㈱埼玉吉見センター止メ,355-0118,埼玉県比企郡吉見町大字下細谷１４１６－１,(ｾﾝﾀｰｺｰﾄﾞ:034033),0570-200-000,0493-25-0683,331010,東京営業所,301,東京,101,日本,23,埼玉,埼玉県
70019-14,ヤマト運輸㈱　八幡南営業所止メ,807-1122,福岡県北九州市八幡西区東石坂町６－１６,(ｾﾝﾀｰｺｰﾄﾞ:091340),0570-200-000,093-475-8014,223010,福岡営業所,203,福岡,101,日本,80,福岡,福岡県
70199-03,ヤマト運輸㈱　大阪天神橋営業所止メ,530-0034,大阪府大阪市北区錦町４－８２延原倉庫　１８号倉庫,(ｾﾝﾀｰｺｰﾄﾞ:161291),0570-200-000,06-6465-6810,221010,大阪支店,201,大阪,101,日本,54,大阪,大阪府
70199-06,ヤマト運輸　新潟竹尾営業所（卸団地）止,950-0867,新潟県新潟市東区竹尾卸新町７４４－５,(ｾﾝﾀｰｺｰﾄﾞ:040320),0570-200-000,025-230-3311,336010,関東支店,306,新潟,101,日本,30,新潟,新潟県
70199-07,ヤマト運輸㈱　佐野新都市営業所止メ,327-0815,栃木県佐野市鐙塚町字北ノ山７２９－３,(ｾﾝﾀｰｺｰﾄﾞ:022110),0283-24-8211,0289-76-6911,221010,大阪支店,201,大阪,101,日本,25,栃木,栃木県
70199-11,ヤマト運輸㈱　仙台太白センター止メ,982-0814,宮城県仙台市太白区山田新町46,(ｾﾝﾀｰｺｰﾄﾞ:113450),022-249-4691,,333010,仙台営業所,303,仙台,101,日本,14,宮城,宮城県
70199-13,ヤマト運輸㈱　茨城那珂センター止め,311-0111,茨城県那珂市後台２０８４－１,(ｾﾝﾀｰｺｰﾄﾞ:021140),0570-200-000,029-831-3413,332010,関東支店,302,関東,101,日本,24,茨城,茨城県
70199-15,ヤマト運輸㈱富山黒崎センター止め,939-8214,富山県富山市黒崎字寺田割141,(ｾﾝﾀｰｺｰﾄﾞ:044361),076-492-3260,0766-55-4966,116010,富山営業所,105,富山,101,日本,31,富山,富山県
70199-19,ヤマト運輸㈱　彦根営業所止メ,522-0026,滋賀県彦根市大堀町３６０－１,(ｾﾝﾀｰｺｰﾄﾞ:063032),0749-24-3851,077-553-9810,225010,滋賀営業所,205,滋賀,101,日本,50,滋賀,滋賀県
70199-22,ヤマト運輸㈱　東近江営業所止メ,527-0024,滋賀県東近江市札の辻２－１０－１４,(ｾﾝﾀｰｺｰﾄﾞ:063020),077-551-1721,077-553-9810,225010,滋賀営業所,205,滋賀,101,日本,50,滋賀,滋賀県
70199-23,ヤマト運輸㈱　金光営業所止メ,719-0113,岡山県浅口市金光町佐方１７３－１,(ｾﾝﾀｰｺｰﾄﾞ:070120),0570-200-000,086-277-3989,221010,大阪支店,201,大阪,101,日本,60,岡山,岡山県
70199-25,ヤマト運輸㈱　行橋営業所止メ,824-0033,福岡県行橋市北泉２－３－１,(ｾﾝﾀｰｺｰﾄﾞ:091031),090-1090-8257,093-475-8014,223010,福岡営業所,203,福岡,101,日本,80,福岡,福岡県
70199-26,ヤマト運輸㈱　倉敷中央営業所止メ,710-0834,岡山県倉敷市笹沖３６２－３,(ｾﾝﾀｰｺｰﾄﾞ:070302),0570-200-000,086-277-3989,221010,大阪支店,201,大阪,101,日本,60,岡山,岡山県
70199-28,ヤマト運輸㈱広島府中館内センター止メ,735-0021,広島県安芸郡府中町大須２－１－１イオンモール広島府中内,(ｾﾝﾀｰｺｰﾄﾞ:072611),0570-200-000,082-849-0090,222010,広島営業所,202,広島,101,日本,61,広島,広島県
70199-30,ヤマト運輸㈱吉野川営業所（鴨島）止メ,776-0020,徳島県吉野川市鴨島町西麻植字絵馬堂３０,(ｾﾝﾀｰｺｰﾄﾞ:082080),0570-200-000,088-699-7571,221010,大阪支店,201,大阪,101,日本,72,徳島,徳島県
70199-34,ヤマト運輸㈱　岩国営業所止メ,741-0083,山口県岩国市御庄５－１０４－１,(ｾﾝﾀｰｺｰﾄﾞ:073340),0570-200-000,083-986-3815,222010,広島営業所,202,広島,101,日本,64,山口,山口県
70199-35,ヤマト運輸㈱　砺波センター止め,939-1363,富山県砺波市太郎丸４０７,(ｾﾝﾀｰｺｰﾄﾞ:044060),0570-200-000,0766-55-4966,116010,富山営業所,105,富山,101,日本,31,富山,富山県
70199-36,ヤマト運輸㈱　姫路飾磨営業所止メ,672-8083,兵庫県姫路市飾磨区城南町３－８１－１,(ｾﾝﾀｰｺｰﾄﾞ:067470),0570-200-000,079-252-8808,221010,大阪支店,201,大阪,101,日本,55,兵庫,兵庫県
70199-37,ヤマト運輸㈱　浜松上石田営業所止メ,435-0001,静岡県浜松市中央区上石田町1268-1,(ｾﾝﾀｰｺｰﾄﾞ:052117),053-432-6131,,116010,浜松営業所,106,浜松,101,日本,40,静岡,静岡県
70199-37,ヤマト運輸㈱　浜松上石田営業所止メ,435-0001,静岡県浜松市中央区上石田町1268-1,(ｾﾝﾀｰｺｰﾄﾞ:052117),0570-200-000,"	053-435-5482",116010,浜松営業所,106,浜松,101,日本,40,静岡,静岡県
70199-38,ヤマト運輸㈱　赤磐営業所止メ,701-2222,岡山県赤磐市町苅田８１３－１,(ｾﾝﾀｰｺｰﾄﾞ:077150),0570-200-000,0868-54-7166,221010,大阪支店,201,大阪,101,日本,60,岡山,岡山県
70199-39,ヤマト運輸㈱　大津志賀営業所止メ,520-1231,滋賀県大津市南船路１２０－２,(ｾﾝﾀｰｺｰﾄﾞ:063070),0570-200-000,077-553-9810,225010,滋賀営業所,205,滋賀,101,日本,50,滋賀,滋賀県
70199-41,ヤマト運輸㈱　熊本菊陽営業所止メ,869-1102,熊本県菊池郡菊陽町原水字南下原１４０６－３,(ｾﾝﾀｰｺｰﾄﾞ:094141),0570-200-000,096-287-8070,223010,福岡営業所,203,福岡,101,日本,84,熊本,熊本県
70199-47,ヤマト運輸㈱　淡路営業所（淡路南）止メ,656-0101,兵庫県洲本市納３１２－３,(ｾﾝﾀｰｺｰﾄﾞ:066282),0570-200-000,078-903-3067,221010,大阪支店,201,大阪,101,日本,55,兵庫,兵庫県
70199-48,ヤマト運輸㈱　防府栄町センター止め,747-0014,山口県防府市大字江泊１９８７－２２,(ｾﾝﾀｰｺｰﾄﾞ:073080),082-874-6320,083-986-3815,222010,広島営業所,202,広島,101,日本,64,山口,山口県
70199-49,ヤマト運輸㈱　古賀営業所止メ,811-3103,福岡県古賀市中央１丁目３－５,(ｾﾝﾀｰｺｰﾄﾞ:091522),0570-200-000,093-475-8014,223010,福岡営業所,203,福岡,101,日本,80,福岡,福岡県
70199-50,ヤマト運輸㈱　尼崎長洲営業所止メ,660-0805,兵庫県尼崎市西長洲町１－３－３３,(ｾﾝﾀｰｺｰﾄﾞ:061890),0570-200-000,06-6419-6174,221010,大阪支店,201,大阪,101,日本,55,兵庫,兵庫県
70199-51,ヤマト運輸㈱　鳥取中央営業所止メ,680-0911,鳥取県鳥取市千代水３－３０,(ｾﾝﾀｰｺｰﾄﾞ:077010),0570-200-000,0868-54-7166,221010,大阪支店,201,大阪,101,日本,62,鳥取,鳥取県
70199-53,ヤマト運輸㈱　橿原営業止メ,634-0074,奈良県橿原市四分町９９－１,(ｾﾝﾀｰｺｰﾄﾞ:064011),0570-200-000,0743-56-6122,221010,大阪支店,201,大阪,101,日本,52,奈良,奈良県
70199-54,ヤマト運輸㈱　滋賀草津営業所止メ,525-0066,滋賀県草津市矢橋町１３２－１,(ｾﾝﾀｰｺｰﾄﾞ:063124),0570-200-000,077-553-9810,225010,滋賀営業所,201,大阪,101,日本,50,滋賀,滋賀県
70199-55,ヤマト運輸㈱　栗東営業所止メ,520-3045,滋賀県栗東市高野岩畑748,(ｾﾝﾀｰｺｰﾄﾞ:063051),077-551-1721,077-553-9810,225010,滋賀営業所,205,滋賀,101,日本,50,滋賀,滋賀県
70199-56,ヤマト運輸㈱　西那須野永田センター止メ,329-2734,栃木県那須塩原市北二つ室３４８－６５,(ｾﾝﾀｰｺｰﾄﾞ:022200),"	0570-200-000",0289-76-6911,332010,関東支店,302,関東,101,日本,25,栃木,栃木県
70199-58,ヤマト運輸㈱　松原営業所（三宅）止メ,580-0046,大阪府松原市三宅中６－１０,(ｾﾝﾀｰｺｰﾄﾞ:160650),0570-200-000,06-6904-7571,221010,大阪支店,201,大阪,101,日本,54,大阪,大阪府
70199-59,ヤマト運輸㈱　広島西営業所止メ,733-0035,広島県広島市西区南観音７－１２－１７,(ｾﾝﾀｰｺｰﾄﾞ:072115),0570-200-000,082-849-0090,222010,広島営業所,201,大阪,101,日本,61,広島,広島県
70199-60,ヤマト運輸㈱　宇部西岐波営業所（岐波）,755-0151,山口県宇部市大字西岐波５３７３番１,(ｾﾝﾀｰｺｰﾄﾞ:073042),0570-200-000,,222010,広島営業所,202,広島,101,日本,64,山口,山口県
70199-61,ヤマト運輸㈱　小倉西港営業所止メ,803-0801,福岡県北九州市小倉北区西港町８４－１,(ｾﾝﾀｰｺｰﾄﾞ:091180),0570-200-000,093-475-8014,223010,福岡営業所,203,福岡,101,日本,80,福岡,福岡県
70199-64,ヤマト運輸㈱　宇部西営業所（新川）止メ,755-0808,山口県宇部市西平原３丁目１－３０,(ｾﾝﾀｰｺｰﾄﾞ:073170),0570-200-000,083-986-3815,222010,広島営業所,202,広島,101,日本,64,山口,山口県
70199-65,ヤマト運輸㈱　松原営業所（三宅）止メ,580-0046,大阪府松原市三宅中６－１０,(ｾﾝﾀｰｺｰﾄﾞ:160650),0570-200-000,06-6904-7571,221010,大阪支店,201,大阪,101,日本,54,大阪,大阪府
70199-66,ヤマト運輸㈱　常陸大宮北センター止め,319-2200,茨城県常陸大宮市田子内３０２６－４６,(ｾﾝﾀｰｺｰﾄﾞ:021331),0570-200-000,029-831-3413,332010,関東支店,302,関東,101,日本,24,茨城,茨城県
70199-68,ヤマト運輸㈱　豊前営業所止メ,828-0021,福岡県豊前市大字八屋５９－２,(ｾﾝﾀｰｺｰﾄﾞ:091120),0570-200-000,093-475-8014,223010,福岡営業所,203,福岡,101,日本,80,福岡,福岡県
70199-69,ヤマト運輸㈱　大分宇佐営業所止メ,879-1135,大分県宇佐市大字和気１２５０－１,(ｾﾝﾀｰｺｰﾄﾞ:095010),0570-200-000,097-514-3031,223010,福岡営業所,203,福岡,101,日本,83,大分,大分県
70199-71,ヤマト運輸㈱　足利センター止メ,326-0335,栃木県足利市上渋垂１１８１－１,(ｾﾝﾀｰｺｰﾄﾞ:022310),0570-200-000,0289-76-6911,332010,関東支店,302,関東,101,日本,25,栃木,栃木県
70199-72,ヤマト運輸㈱　福島矢吹営業所止メ,969-0222,福島県西白河郡矢吹町八幡町７９３－４,(ｾﾝﾀｰｺｰﾄﾞ:015280),0570-200-000,"	024-968-1050",332010,関東支店,302,関東,101,日本,16,福島,福島県
70199-74,ヤマト運輸㈱　香芝営業所（二上山）止メ,639-0271,奈良県葛城市加守字堂ヶ谷１３６５－４,(ｾﾝﾀｰｺｰﾄﾞ:064071),0570-200-000,0743-56-6122,221010,大阪支店,201,大阪,101,日本,52,奈良,奈良県
70199-75,ヤマト運輸　上田営業所止め,386-0005,長野県上田市大字古里111-2,(ｾﾝﾀｰｺｰﾄﾞ:042100),0263-51-5230,026-295-4444,338010,甲信営業所,309,甲信,101,日本,34,長野,長野県
70199-78,ヤマト運輸㈱　広島中野営業所止メ,739-0323,広島県広島市安芸区中野東２－５－２７,(ｾﾝﾀｰｺｰﾄﾞ:072060),082-874-6320,082-849-0090,222010,広島営業所,202,広島,101,日本,61,広島,広島県
70199-79,ヤマト運輸㈱石岡府中センター止メ,315-0012,茨城県石岡市北府中３丁目６－４３,(ｾﾝﾀｰｺｰﾄﾞ:021070),0570-200-000,"	029-831-3413",332010,関東支店,302,関東,101,日本,24,茨城,茨城県
70199-80,ヤマト運輸㈱　久御山営業所止メ,613-0026,京都府久世郡久御山町西一口西池５－３,(ｾﾝﾀｰｺｰﾄﾞ:062950),0570-200-000,075-633-2660,225010,滋賀営業所,205,滋賀,101,日本,51,京都,京都府
70199-81,ヤマト運輸㈱岩沼中央センター止メ,989-2412,宮城県名取市堀内字南１９７－１,(ｾﾝﾀｰｺｰﾄﾞ:113460),0570-200-000,,333010,仙台営業所,303,仙台,101,日本,14,宮城,宮城県
70199-82,ヤマト運輸㈱　博多駅中央街営業所止メ,812-0012,福岡県福岡市博多区博多駅中央街１－１,(ｾﾝﾀｰｺｰﾄﾞ:090302),0570-200-000,092-939-3981,223010,福岡営業所,203,福岡,101,日本,80,福岡,福岡県
70199-84,ヤマト運輸㈱　六日町センター止め,949-7145,新潟県南魚沼市四十日字南原２９６９－１,(ｾﾝﾀｰｺｰﾄﾞ:041011),0570-200-000,,336010,関東支店,306,新潟,101,日本,30,新潟,新潟県
70199-85,ヤマト運輸㈱　板倉センター止メ,944-0007,新潟県妙高市栗原三丁目７－７,(ｾﾝﾀｰｺｰﾄﾞ:041071),0570-200-000,0258-46-0585,336010,関東支店,306,新潟,101,日本,30,新潟,新潟県
70199-87,ヤマト運輸㈱　宮城小牛田センター止め,987-0003,宮城県遠田郡美里町南小牛田字石神１２７,(ｾﾝﾀｰｺｰﾄﾞ:013160),0570-200-000,022-777-5254,333010,仙台営業所,303,仙台,101,日本,14,宮城,宮城県
70199-90,ヤマト運輸㈱　甲賀信楽営業所止メ,529-1803,滋賀県甲賀市信楽町牧斧山１７０８,(ｾﾝﾀｰｺｰﾄﾞ:063140),0570-200-000,077-553-9810,225010,滋賀営業所,205,滋賀,101,日本,50,滋賀,滋賀県
70199-95,ヤマト運輸㈱　二本松杉田センター止め,969-1301,福島県安達郡大玉村大山字向原７９－１,(ｾﾝﾀｰｺｰﾄﾞ:115020),022-249-4691,,332010,関東支店,302,関東,101,日本,16,福島,福島県
70199-96,ヤマト運輸㈱　伊賀営業所止メ,518-0823,三重県伊賀市四十九町字鍋澤２６７５－１,(ｾﾝﾀｰｺｰﾄﾞ:055280),0570-200-000,059-329-6177,221010,大阪支店,201,大阪,101,日本,43,三重,三重県
70199-97,ヤマト運輸㈱　沼津緑ヶ丘センター止メ,410-0063,静岡県沼津市緑が丘３－１,(ｾﾝﾀｰｺｰﾄﾞ:051180),0570-200-000,0545-67-4604,116010,浜松営業所,106,浜松,101,日本,40,静岡,静岡県
70199-98,ヤマト運輸㈱　福山北営業所止メ,720-1141,広島県福山市駅家町江良６３２－１,(ｾﾝﾀｰｺｰﾄﾞ:070821),0570-200-000,0824-62-3061,222010,広島営業所,202,広島,101,日本,61,広島,広島県
70200-08,ヤマト運輸㈱　奈良平城営業所止メ,631-0811,奈良県奈良市秋篠町平田９３－１,(ｾﾝﾀｰｺｰﾄﾞ:064080),0570-200-000,0743-56-6122,221010,大阪支店,201,大阪,101,日本,52,奈良,奈良県
70200-09,ヤマト運輸㈱　下関東営業所止メ,752-0927,山口県下関市長府扇町４－４５,(ｾﾝﾀｰｺｰﾄﾞ:073310),0570-200-000,083-986-3815,221010,大阪支店,203,福岡,101,日本,64,山口,山口県
70200-20,ヤマト運輸㈱　八幡本城営業所止メ,807-0801,福岡県北九州市八幡西区大字本城字清水１９３７－５,(ｾﾝﾀｰｺｰﾄﾞ:091041),0570-200-000,093-475-8014,223010,福岡営業所,203,福岡,101,日本,80,福岡,福岡県
70200-50,ヤマト運輸㈱　菊池営業所止メ,869-1236,熊本県菊池郡大津町杉水２８９３－１,(ｾﾝﾀｰｺｰﾄﾞ:094380),0570-200-000,096-287-8070,223010,福岡営業所,203,福岡,101,日本,84,熊本,熊本県
70200-51,ヤマト運輸㈱袋井浅羽センター止め,437-1102,静岡県袋井市浅名９０６－１,(ｾﾝﾀｰｺｰﾄﾞ:052043),0570-200-000,"	053-435-5482",116010,浜松営業所,106,浜松,101,日本,40,静岡,静岡県
70200-52,ヤマト運輸㈱富士宮淀師センター止め,418-0051,静岡県富士宮市淀師１４３－１,(ｾﾝﾀｰｺｰﾄﾞ:051210),0570-200-000,0545-67-4604,116010,浜松営業所,106,浜松,101,日本,40,静岡,静岡県
70200-54,ヤマト運輸㈱あわらセンター,910-4124,福井県坂井市坂井町田島窪６－４０－１,(ｾﾝﾀｰｺｰﾄﾞ:046061),0570-200-000,0776-52-2410,225010,滋賀営業所,205,滋賀,101,日本,33,福井,福井県
70200-55,ヤマト運輸㈱室蘭センター止め,059-0034,北海道登別市鷲別町６丁目３７－１,(ｾﾝﾀｰｺｰﾄﾞ:003110),0570-200-000,0123-28-7712,332010,関東支店,302,関東,101,日本,10,北海道,北海道
70200-56,ヤマト運輸㈱北上鬼柳センター止め,024-0056,岩手県北上市鬼柳町笊渕２１７,(ｾﾝﾀｰｺｰﾄﾞ:012123),0570-200-000,0197-81-4747,332010,関東支店,302,関東,101,日本,12,岩手,岩手県
70200-57,ヤマト運輸竜東営業所（高遠）止め,396-0001,長野県伊那市福島４４０,(ｾﾝﾀｰｺｰﾄﾞ:043042),0570-200-000,"	0263-51-1638",338010,甲信営業所,309,甲信,101,日本,34,長野,長野県
70200-58,ヤマト運輸㈱ 佐渡佐和田センター止め,952-1325,新潟県佐渡市窪田字木戸田１７－８,(ｾﾝﾀｰｺｰﾄﾞ:040830),0570-200-000,025-230-3311,336010,関東支店,306,新潟,101,日本,30,新潟,新潟県
70200-59,ヤマト運輸㈱ 四国中央営業所止メ,799-0113,愛媛県四国中央市妻鳥町１７１９－１,(ｾﾝﾀｰｺｰﾄﾞ:080220),0570-200-000,0877-45-5774,221010,大阪支店,201,大阪,101,日本,73,愛媛,愛媛県
70200-60,ヤマト運輸㈱淀川三津屋南営業所止メ,532-0035,大阪府大阪市淀川区三津屋南３－１５－２０,(ｾﾝﾀｰｺｰﾄﾞ:161271),0570-200-000,06-6465-6810,221010,大阪支店,201,大阪,101,日本,54,大阪,大阪府
70353-00,ヤマト運輸㈱　広島西原営業所止メ,731-0113,広島県広島市安佐南区西原２－６－１２,(ｾﾝﾀｰｺｰﾄﾞ:072230),0570-200-000,082-849-0090,222010,広島営業所,201,大阪,101,日本,61,広島,広島県
70353-01,ヤマト運輸㈱　広島安佐南営業所止メ,731-0113,広島県広島市安佐南区西原９－６－３６,(ｾﾝﾀｰｺｰﾄﾞ:072083),0570-200-000,082-849-0090,222010,広島営業所,201,大阪,101,日本,61,広島,広島県
70353-02,ヤマト運輸㈱　伊勢崎営業所止メ,372-0834,群馬県伊勢崎市堀口町９３３－１,(ｾﾝﾀｰｺｰﾄﾞ:023083),0570-200-000,,332010,関東支店,302,関東,101,日本,26,群馬,群馬県
70353-03,ヤマト運輸㈱　大和高田営業所止メ,639-2113,奈良県葛城市北花内口ノ町６２１,(ｾﾝﾀｰｺｰﾄﾞ:064112),0570-200-000,0743-56-6122,221010,大阪支店,201,大阪,101,日本,52,奈良,奈良県
70353-05,ヤマト運輸㈱　山口ベース止メ,747-1221,山口県山口市鋳銭司字鋳銭司団地北１０４４７－４５,(ｾﾝﾀｰｺｰﾄﾞ:073990),0570-200-000,083-986-3820,222010,広島営業所,202,広島,101,日本,64,山口,山口県
70353-09,ヤマト運輸㈱　たつの営業所止メ,679-4002,兵庫県たつの市揖西町中垣内字前田乙３０－１,(ｾﾝﾀｰｺｰﾄﾞ:067162),0570-200-000,079-252-8808,221010,大阪支店,201,大阪,101,日本,55,兵庫,兵庫県
70353-10,ヤマト運輸㈱　小倉東営業所止メ,800-0206,福岡県北九州市小倉南区葛原東５－１５－１北九州主管支店内,(ｾﾝﾀｰｺｰﾄﾞ:091052),0570-200-000,093-475-8014,223010,福岡営業所,203,福岡,101,日本,80,福岡,福岡県
70353-11,ヤマト運輸㈱　八幡本城営業所止メ,807-0801,福岡県北九州市八幡西区大字本城字清水１９３７－５,(ｾﾝﾀｰｺｰﾄﾞ:091041),0570-200-000,093-475-8014,223010,福岡営業所,203,福岡,101,日本,80,福岡,福岡県
70353-14,ヤマト運輸㈱　西宇治営業所止メ,611-0043,京都府宇治市伊勢田町砂田１４８－１,(ｾﾝﾀｰｺｰﾄﾞ:162010),0570-200-000,075-604-4863,225010,滋賀営業所,205,滋賀,101,日本,51,京都,京都府
70353-15,ヤマト運輸㈱　熊谷営業所止メ,360-0853,埼玉県熊谷市玉井３１,(ｾﾝﾀｰｺｰﾄﾞ:034010),0570-200-000,0493-25-0683,331010,東京営業所,301,東京,101,日本,23,埼玉,埼玉県
70353-19,ヤマト運輸㈱　京田辺営業所止メ,610-0332,京都府京田辺市興戸犬伏３３－１,(ｾﾝﾀｰｺｰﾄﾞ:162171),0570-200-000,075-604-4863,225010,滋賀営業所,205,滋賀,101,日本,51,京都,京都府
70353-21,ヤマト運輸㈱　東大阪長田営業所止メ,577-0053,大阪府東大阪市高井田２３－２０,(ｾﾝﾀｰｺｰﾄﾞ:160181),0570-200-000,06-6904-7571,221010,大阪支店,201,大阪,101,日本,54,大阪,大阪府
70353-24,ヤマト運輸㈱　淀川中央営業所止メ,532-0005,大阪府大阪市淀川区三国本町２－１２－１６,(ｾﾝﾀｰｺｰﾄﾞ:161274),0570-200-000,06-6465-6810,221010,大阪支店,201,大阪,101,日本,51,京都,京都府
70353-27,ヤマト運輸㈱　和歌山中央営業所止メ,640-8404,和歌山県和歌山市湊字青岸坪１４１４,(ｾﾝﾀｰｺｰﾄﾞ:065072),0570-200-000,073-499-4572,221010,大阪支店,201,大阪,101,日本,53,和歌山,和歌山県
70353-36,ヤマト運輸㈱　岡山瀬戸営業所止メ,709-0855,岡山県岡山市東区瀬戸町沖１９６－３,(ｾﾝﾀｰｺｰﾄﾞ:070244),0570-200-000,086-277-3989,221010,大阪支店,201,大阪,101,日本,60,岡山,岡山県
70353-37,ヤマト運輸㈱　豊後高田営業所止メ,879-0608,大分県豊後高田市大字呉崎字下福有１８２６,(ｾﾝﾀｰｺｰﾄﾞ:095170),0570-200-000,097-514-3031,223010,福岡営業所,203,福岡,101,日本,83,大分,大分県
70353-38,ヤマト運輸㈱　津山東営業所止メ,708-1126,岡山県津山市押入１１４－１,(ｾﾝﾀｰｺｰﾄﾞ:077093),0570-200-000,0868-54-7166,221010,大阪支店,201,大阪,101,日本,60,岡山,岡山県
70353-42,ヤマト運輸㈱　福岡空港センター止メ,812-0002,福岡県福岡市博多区空港前１－６－１４,(ｾﾝﾀｰｺｰﾄﾞ:090590),0570-200-000,092-939-3981,223010,福岡営業所,203,福岡,101,日本,80,福岡,福岡県
70353-43,ヤマト運輸㈱　大牟田営業所止メ,836-0003,福岡県大牟田市大字唐船字丁地３７７－１,(ｾﾝﾀｰｺｰﾄﾞ:190092),0570-200-000,0942-51-3155,223010,福岡営業所,203,福岡,101,日本,80,福岡,福岡県
70353-44,ヤマト運輸㈱　大東営業所止メ,574-0045,大阪府大東市太子田３－３－２６,(ｾﾝﾀｰｺｰﾄﾞ:160560),0570-200-000,06-6904-7571,221010,大阪支店,201,大阪,101,日本,54,大阪,大阪府
70353-46,ヤマト運輸㈱　菊池営業所止メ,869-1236,熊本県菊池郡大津町杉水２８９３－１,(ｾﾝﾀｰｺｰﾄﾞ:094380),0570-200-000,096-287-8070,223010,福岡営業所,203,福岡,101,日本,84,熊本,熊本県
70353-48,ヤマト運輸㈱　天童営業所（天童南）止メ,994-0016,山形県天童市東久野本３－２－６３,(ｾﾝﾀｰｺｰﾄﾞ:014071),0570-200-000,023-687-4180,332010,関東支店,302,関東,101,日本,15,山形,山形県
70353-50,ヤマト運輸㈱　福井鯖江営業所止メ,916-0016,福井県鯖江市神中町２丁目４０１－２,(ｾﾝﾀｰｺｰﾄﾞ:046071),0570-200-000,0776-52-2410,225010,滋賀営業所,205,滋賀,101,日本,33,福井,福井県
70353-53,ヤマト運輸㈱　七尾センター止メ,926-0832,石川県七尾市盤若野町ワ５２－５,(ｾﾝﾀｰｺｰﾄﾞ:045300),0570-200-000,076-249-7564,11010,名古屋支店,101,名古屋,101,日本,32,石川,石川県
70353-55,ヤマト運輸㈱　岡山井原営業所止メ,715-0014,岡山県井原市七日市町　１０１－２,(ｾﾝﾀｰｺｰﾄﾞ:070210),0570-200-000,086-277-3989,222010,広島営業所,202,広島,101,日本,60,岡山,岡山県
70353-57,ヤマト運輸㈱　鳴門営業所（撫養）止メ,772-0011,徳島県鳴門市撫養町大桑島字北之浜６１,(ｾﾝﾀｰｺｰﾄﾞ:082061),0570-200-000,088-699-7571,221010,大阪支店,201,大阪,101,日本,72,徳島,徳島県
70353-59,ヤマト運輸㈱　福岡粕屋営業所,812-0065,福岡県福岡市東区二又瀬新町８－４５,(ｾﾝﾀｰｺｰﾄﾞ:090170),0570-200-000,092-939-3981,223010,福岡営業所,203,福岡,101,日本,80,福岡,福岡県
70353-65,ヤマト運輸㈱　鳥取東営業所止メ,680-0912,鳥取県鳥取市商栄町２５１－１１,(ｾﾝﾀｰｺｰﾄﾞ:077013),0570-200-000,0868-54-7166,221010,大阪支店,201,大阪,101,日本,62,鳥取,鳥取県
70353-67,ヤマト運輸㈱　袋井山科センター,437-0066,静岡県袋井市山科字池ノ谷３１０８－３,(ｾﾝﾀｰｺｰﾄﾞ:052044),0570-200-000,053-435-5482,116010,浜松営業所,106,浜松,101,日本,40,静岡,静岡県
70353-68,ヤマト運輸㈱　湖西岡崎センター止,431-0428,静岡県湖西市ときわ１丁目１－２３,(ｾﾝﾀｰｺｰﾄﾞ:052030),0570-200-000,053-435-5482,116010,浜松営業所,106,浜松,101,日本,40,静岡,静岡県
70353-71,ヤマト運輸㈱佐野大橋センター止メ,327-0003,栃木県佐野市大橋町3194-3,(ｾﾝﾀｰｺｰﾄﾞ:022380),0283-24-8211,,332010,関東支店,302,関東,101,日本,25,栃木,栃木県
70353-72,ヤマト運輸㈱　総社営業所止メ,719-1154,岡山県総社市井尻野４８９－５,(ｾﾝﾀｰｺｰﾄﾞ:070030),0570-200-000,086-277-3989,221010,大阪支店,201,大阪,101,日本,60,岡山,岡山県
70353-74,ヤマト運輸㈱東海富木島センター止メ,476-0014,愛知県東海市富木島町西長口１９４,(ｾﾝﾀｰｺｰﾄﾞ:054352),0570-200-000,052-411-7833,11010,名古屋支店,101,名古屋,101,日本,41,愛知,愛知県
70353-75,ヤマト運輸㈱東大阪長田営業所止メ,577-0006,大阪府東大阪市長田東３－５－６,(ｾﾝﾀｰｺｰﾄﾞ:160183),0570-200-000,06-6904-7571,221010,大阪支店,201,大阪,101,日本,54,大阪,大阪府
70353-76,ヤマト運輸㈱東大阪布施営業所止メ,577-0827,大阪府東大阪市衣摺２－１７－１１,(ｾﾝﾀｰｺｰﾄﾞ:160170),0570-200-000,06-6904-7571,221010,大阪支店,201,大阪,101,日本,54,大阪,大阪府
70353-77,ヤマト運輸㈱市島営業所止メ,669-4131,兵庫県丹波市春日町七日市５９３,(ｾﾝﾀｰｺｰﾄﾞ:066663),0570-200-000,078-903-3067,221010,大阪支店,201,大阪,101,日本,55,兵庫,兵庫県
70353-78,ヤマト運輸㈱淡路営業所（下加茂）止メ,656-0101,兵庫県洲本市納３１２－３,(ｾﾝﾀｰｺｰﾄﾞ:066250),0570-200-000,078-903-3067,221010,大阪支店,201,大阪,101,日本,55,兵庫,兵庫県
70353-79,ヤマト運輸㈱　和泉光明営業所止メ,596-0103,大阪府岸和田市稲葉町２７９－１,(ｾﾝﾀｰｺｰﾄﾞ:069193),0570-200-000,06-6655-1753,221010,大阪支店,201,大阪,101,日本,54,大阪,大阪府
70353-80,ヤマト運輸㈱岡山高島営業所止メ,703-8206,岡山県岡山市中区賞田２０７－１,(ｾﾝﾀｰｺｰﾄﾞ:070353),0570-200-000,086-277-3989,221010,大阪支店,201,大阪,101,日本,60,岡山,岡山県
70353-81,ヤマト運輸㈱東大阪本庄営業所止メ,578-0957,大阪府東大阪市本庄中１－４－９０,(ｾﾝﾀｰｺｰﾄﾞ:160160),0570-200-000,06-6904-7571,221010,大阪支店,201,大阪,101,日本,54,大阪,大阪府
70353-82,ヤマト運輸㈱　米子営業所止メ,683-0804,鳥取県米子市米原８－１５－１６,(ｾﾝﾀｰｺｰﾄﾞ:077032),0570-200-000,0868-54-7166,221010,大阪支店,201,大阪,101,日本,62,鳥取,鳥取県
70353-86,ヤマト運輸㈱　延岡営業所（別府）止メ,882-0861,宮崎県延岡市別府町３１２４－１,(ｾﾝﾀｰｺｰﾄﾞ:096020),0570-200-000,0985-56-0122,223010,福岡営業所,203,福岡,101,日本,85,宮崎,宮崎県
70353-93,ヤマト運輸㈱安芸高田営業所止メ,731-0501,広島県安芸高田市吉田町吉田２１２８－２,(ｾﾝﾀｰｺｰﾄﾞ:071080),0570-200-000,0824-62-3061,222010,広島営業所,202,広島,101,日本,61,広島,広島県
70353-95,ヤマト運輸㈱　高島営業所（安曇川）止メ,520-1231,滋賀県高島市安曇川町川島１１２３－２,(ｾﾝﾀｰｺｰﾄﾞ:063071),0570-200-000,077-553-9810,225010,滋賀営業所,205,滋賀,101,日本,50,滋賀,滋賀県
70353-97,ヤマト運輸㈱　益城営業所止メ,861-2212,熊本県上益城郡益城町大字平田字深迫２４４１－２熊本主管支店,(ｾﾝﾀｰｺｰﾄﾞ:094151),0570-200-000,096-287-8070,223010,福岡営業所,203,福岡,101,日本,84,熊本,熊本県
70353-98,ヤマト運輸㈱　野洲営業所止メ,524-0214,滋賀県守山市立田町４１２５,(ｾﾝﾀｰｺｰﾄﾞ:063100),0570-200-000,077-553-9810,225010,滋賀営業所,205,滋賀,101,日本,50,滋賀,滋賀県
70353-99,ヤマト運輸㈱　広島中野営業所止メ,739-0323,広島県広島市安芸区中野東２－５－２７,(ｾﾝﾀｰｺｰﾄﾞ:072061),0570-200-000,082-849-0090,222010,広島営業所,201,大阪,101,日本,61,広島,広島県
70354-01,ヤマト運輸㈱　静岡中島センター止メ,422-8046,静岡県静岡市駿河区中島1006,(ｾﾝﾀｰｺｰﾄﾞ:150100),054-289-2241,054-285-1122,221010,大阪支店,201,大阪,101,日本,40,静岡,静岡県
70354-01,ヤマト運輸㈱　静岡中島センター止メ,422-8046,静岡県静岡市駿河区中島1006,(ｾﾝﾀｰｺｰﾄﾞ:150100),0570-200-000,,117010,静岡営業所,104,静岡,101,日本,40,静岡,静岡県
70354-01,ヤマト運輸㈱　静岡中島センター止メ,422-8046,静岡県静岡市駿河区中島1006,(ｾﾝﾀｰｺｰﾄﾞ:150100),0570-200-000,,117010,静岡営業所,104,静岡,101,日本,40,静岡,静岡県
70354-01,ヤマト運輸㈱　静岡中島センター止メ,422-8046,静岡県静岡市駿河区中島1006,(ｾﾝﾀｰｺｰﾄﾞ:150100),0570-200-000,,117010,静岡営業所,104,静岡,101,日本,40,静岡,静岡県
70354-01,ヤマト運輸㈱　静岡中島センター止メ,422-8046,静岡県静岡市駿河区中島1006,(ｾﾝﾀｰｺｰﾄﾞ:150100),0570-200-000,,117010,静岡営業所,104,静岡,101,日本,40,静岡,静岡県
70354-03,ヤマト運輸㈱　琴平営業所止メ,766-0013,香川県仲多度郡まんのう町東高篠５１７番地１,(ｾﾝﾀｰｺｰﾄﾞ:080141),0570-200-000,0877-45-5774,222010,広島営業所,201,大阪,101,日本,71,香川,香川県
70354-04,ヤマト運輸㈱　坂出営業所止メ,769-0221,香川県綾歌郡宇多津町字吉田４００１,(ｾﾝﾀｰｺｰﾄﾞ:080120),0570-200-000,0877-45-5774,222010,広島営業所,201,大阪,101,日本,71,香川,香川県
70354-05,ヤマト運輸㈱　里丸岡センター止め,919-0514,福井県坂井市坂井町田島窪６－４０－１,(ｾﾝﾀｰｺｰﾄﾞ:046040),0570-200-000,0776-52-2410,225010,滋賀営業所,205,滋賀,101,日本,33,福井,福井県
70354-06,ヤマト運輸㈱　西尾南センター止め,445-0051,愛知県西尾市天竹町河原３７－１,(ｾﾝﾀｰｺｰﾄﾞ:053070),0570-200-000,0565-77-1006,11010,名古屋支店,101,名古屋,101,日本,41,愛知,愛知県
70354-08,ヤマト運輸㈱　石和東油川センター止メ　,406-0046,山梨県笛吹市石和町東油川３００－１,(ｾﾝﾀｰｺｰﾄﾞ:037031),0552-66-4841,,338010,甲信営業所,309,甲信,101,日本,27,山梨,山梨県
70354-09,ヤマト運輸㈱　つくばみらい営業所止め,300-2311,茨城県つくばみらい市野堀４８０－１６,(ｾﾝﾀｰｺｰﾄﾞ:135860),0570-200-000,047-157-3542,11010,名古屋支店,101,名古屋,101,日本,24,茨城,茨城県
70354-10,ヤマト運輸㈱　奈良五条営業所止メ,637-0004,奈良県五條市今井４－３－４１,(ｾﾝﾀｰｺｰﾄﾞ:064030),0570-200-000,0743-56-6122,221010,大阪支店,201,大阪,101,日本,52,奈良,奈良県
70354-11,ヤマト運輸㈱　八幡営業所止メ,614-8045,京都府八幡市八幡久保田１１,(ｾﾝﾀｰｺｰﾄﾞ:162181),0570-200-000,075-604-4863,221010,大阪支店,201,大阪,101,日本,51,京都,京都府
70354-12,ヤマト運輸㈱　和泉光明営業所止メ,596-0103,大阪府岸和田市稲葉町２７９－１,(ｾﾝﾀｰｺｰﾄﾞ:069191),0570-200-000,06-6655-1753,221010,大阪支店,201,大阪,101,日本,54,大阪,大阪府
70354-13,ヤマト運輸　塩田営業所（上田塩田）,386-1211,長野県上田市大字下之郷１４８４－１,(ｾﾝﾀｰｺｰﾄﾞ:042170),0263-51-5230,026-295-4444,338010,甲信営業所,309,甲信,101,日本,34,長野,長野県
70354-14,ヤマト運輸　伊那福島営業所（高遠）止め,396-0001,長野県伊那市福島４４０,(ｾﾝﾀｰｺｰﾄﾞ:043042),0570-200-000,0263-51-1638,338010,甲信営業所,309,甲信,101,日本,34,長野,長野県
70354-15,ヤマト運輸　佐倉神門営業所止メ,285-0803,千葉県佐倉市神門６４２－５,(ｾﾝﾀｰｺｰﾄﾞ:125821),0570-200-000,0476-35-3607,332010,関東支店,302,関東,101,日本,22,千葉,千葉県
70361-00,ヤマト運輸㈱　厚木愛甲営業所止メ,243-0035,神奈川県厚木市愛甲１９２２－１,(ｾﾝﾀｰｺｰﾄﾞ:027352),0570-200-000,"	046-296-9411",335010,神奈川営業所,304,神奈川,101,日本,21,神奈川,神奈川県
70361-01,ヤマト運輸㈱　愛知大口営業所,480-0146,愛知県丹羽郡大口町余野６－４９２,(ｾﾝﾀｰｺｰﾄﾞ:056721),0587-94-2755,0568-42-7400,11010,名古屋支店,101,名古屋,101,日本,41,愛知,愛知県
70361-03,ヤマト運輸㈱　河北津幡営業所（石川津幡,929-0331,石川県河北郡津幡町字中橋イ６５－１,(ｾﾝﾀｰｺｰﾄﾞ:045040),0570-200-000,,11010,名古屋支店,101,名古屋,101,日本,32,石川,石川県
70361-04,ヤマト運輸㈱　浜松東若林営業所（浜松東,432-8052,静岡県浜松市中央区東若林町２３５－１,(ｾﾝﾀｰｺｰﾄﾞ:052010),0570-200-000,,116010,浜松営業所,106,浜松,101,日本,40,静岡,静岡県
70404-00,ヤマト運輸　新潟加茂営業所止め,959-1311,新潟県加茂市大字加茂新田１００１０－１３,(ｾﾝﾀｰｺｰﾄﾞ:040880),0570-200-000,025-230-3311,336010,関東支店,306,新潟,101,日本,30,新潟,新潟県
70404-01,ヤマト運輸㈱　大分駅前営業所止メ,870-0017,大分県大分市弁天２丁目５番５号,(ｾﾝﾀｰｺｰﾄﾞ:095200),0570-200-000,097-514-3031,223010,福岡営業所,203,福岡,101,日本,83,大分,大分県
70404-03,ヤマト運輸㈱裾野伊豆島田センター止め,410-1123,静岡県裾野市伊豆島田５１２－８,(ｾﾝﾀｰｺｰﾄﾞ:051062),0570-200-000,"	0545-67-4604",116010,浜松営業所,106,浜松,101,日本,40,静岡,静岡県
70404-09,ヤマト運輸㈱　碧南伏見センター止メ,447-0807,愛知県碧南市伏見町３－１,(ｾﾝﾀｰｺｰﾄﾞ:053190),0570-200-000,"	0565-77-1006",11010,名古屋支店,101,名古屋,101,日本,41,愛知,愛知県
70404-11,ヤマト運輸㈱　平野加美営業所止メ,547-0002,大阪府大阪市平野区加美東３－９－２６,(ｾﾝﾀｰｺｰﾄﾞ:060532),0570-200-000,06-4702-2515,221010,大阪支店,201,大阪,101,日本,54,大阪,大阪府
70404-13,ヤマト運輸㈱　埼玉寄居センター止メ,369-1202,埼玉県大里郡寄居町大字桜沢字二ツ塚１３２８－１,(ｾﾝﾀｰｺｰﾄﾞ:034080),0570-200-000,"	0493-25-0683",331010,東京営業所,301,東京,101,日本,23,埼玉,埼玉県
70404-14,ヤマト運輸㈱　十日町西センター止メ,948-0094,新潟県十日町市上島５７９－１,(ｾﾝﾀｰｺｰﾄﾞ:041040),0570-200-000,0258-46-0585,336010,関東支店,306,新潟,101,日本,30,新潟,新潟県
70404-17,ヤマト運輸㈱　枚方南営業所止メ,573-0042,大阪府枚方市村野西町２－２０,(ｾﾝﾀｰｺｰﾄﾞ:160761),0570-200-000,06-6904-7571,221010,大阪支店,201,大阪,101,日本,54,大阪,大阪府
70404-18,ヤマト運輸㈱　広島安佐南営業所止メ,731-0113,広島県広島市安佐南区西原９－６－３６,(ｾﾝﾀｰｺｰﾄﾞ:072083),0570-200-000,082-849-0090,222010,広島営業所,201,大阪,101,日本,61,広島,広島県
70404-21,ヤマト運輸㈱　広島商工営業所止メ,733-0833,広島県広島市西区商工センタ－１－７－２７,(ｾﾝﾀｰｺｰﾄﾞ:072200),0570-200-000,082-849-0090,222010,広島営業所,201,大阪,101,日本,61,広島,広島県
70404-23,ヤマト運輸㈱　赤磐吉井営業所止メ,701-2504,岡山県赤磐市福田３２６－１,(ｾﾝﾀｰｺｰﾄﾞ:077153),0570-200-000,0868-54-7166,221010,大阪支店,201,大阪,101,日本,60,岡山,岡山県
70404-28,ヤマト運輸㈱　広島祇園営業所止メ,731-0138,広島県広島市安佐南区祇園３－２３－２３,(ｾﾝﾀｰｺｰﾄﾞ:072460),082-874-6320,082-849-0090,222010,広島営業所,202,広島,101,日本,61,広島,広島県
70404-32,ヤマト運輸㈱　西風新都営業所止メ,731-3168,広島県広島市安佐南区伴南３－１－１,(ｾﾝﾀｰｺｰﾄﾞ:072220),082-874-6320,082-849-0090,222010,広島営業所,201,大阪,101,日本,61,広島,広島県
70404-34,ヤマト運輸㈱　松江橋南営業所止メ,690-0017,島根県松江市西津田１－４－２４,(ｾﾝﾀｰｺｰﾄﾞ:077210),0570-200-000,0868-54-7166,221010,大阪支店,201,大阪,101,日本,63,島根,島根県
70404-38,ヤマト運輸㈱　西脇営業所止メ,677-0054,兵庫県西脇市野村町字大日ノ下７９４－１,(ｾﾝﾀｰｺｰﾄﾞ:066902),0570-200-000,079-252-8808,221010,大阪支店,201,大阪,101,日本,55,兵庫,兵庫県
70404-44,ヤマト運輸㈱　中津川福岡センター止め,508-0203,岐阜県中津川市福岡字野尻１１８７－１,(ｾﾝﾀｰｺｰﾄﾞ:058350),0570-200-000,,11010,名古屋支店,101,名古屋,101,日本,42,岐阜,岐阜県
70404-47,ヤマト運輸㈱　備後府中営業所止メ,726-0035,広島県府中市父石町字下田６番地,(ｾﾝﾀｰｺｰﾄﾞ:071060),0570-200-000,0824-62-3061,222010,広島営業所,202,広島,101,日本,61,広島,広島県
70404-48,ヤマト運輸㈱　鶴見営業所（諸口）止メ,538-0052,大阪府大阪市鶴見区横堤４－７－６,(ｾﾝﾀｰｺｰﾄﾞ:161162),0570-200-000,06-6465-6810,221010,大阪支店,201,大阪,101,日本,54,大阪,大阪府
70404-49,ヤマト運輸㈱　伊勢崎南ｾﾝﾀｰ止め,372-0834,群馬県伊勢崎市堀口町９３３－１,(ｾﾝﾀｰｺｰﾄﾞ:023080),0570-200-000,027-290-3812,332010,関東支店,302,関東,101,日本,26,群馬,群馬県
70404-62,ヤマト運輸㈱　南丹営業所止メ,622-0041,京都府南丹市園部町小山東町川向２２－１１,(ｾﾝﾀｰｺｰﾄﾞ:062280),0570-200-000,075-633-2660,225010,滋賀営業所,205,滋賀,101,日本,51,京都,京都府
70404-65,ヤマト運輸㈱　山梨都留止め,402-0024,山梨県都留市小野字八幡５１３－３,(ｾﾝﾀｰｺｰﾄﾞ:037140),0570-200-000,055-268-5606,338010,甲信営業所,309,甲信,101,日本,27,山梨,山梨県
70404-67,ヤマト運輸㈱　新居浜川西営業所止メ,792-0003,愛媛県新居浜市新田町３丁目７－５３,(ｾﾝﾀｰｺｰﾄﾞ:080232),0570-200-000,0877-45-5774,222010,広島営業所,202,広島,101,日本,73,愛媛,愛媛県
70404-69,ヤマト運輸㈱　橿原八木営業所止メ,634-0008,奈良県橿原市十市町字高田９１５－１,(ｾﾝﾀｰｺｰﾄﾞ:064170),0570-200-000,0743-56-6122,221010,大阪支店,201,大阪,101,日本,52,奈良,奈良県
70404-70,ヤマト運輸㈱　門真営業所（島頭）止メ,571-0016,大阪府門真市島頭１丁目２－８,(ｾﾝﾀｰｺｰﾄﾞ:160530),0570-200-000,06-6904-7571,221010,大阪支店,201,大阪,101,日本,54,大阪,大阪府
70404-71,ヤマト運輸㈱　大分宇佐営業所止メ,879-1135,大分県宇佐市大字和気１２５０－１,(ｾﾝﾀｰｺｰﾄﾞ:095010),0570-200-000,097-514-3031,223010,福岡営業所,203,福岡,101,日本,83,大分,大分県
70404-75,ヤマト運輸㈱　竜王営業所止メ,520-2531,滋賀県蒲生郡竜王町山之上馬道６６１番地,(ｾﾝﾀｰｺｰﾄﾞ:063022),077-551-1721,077-553-9810,225010,滋賀営業所,205,滋賀,101,日本,50,滋賀,滋賀県
70404-87,ヤマト運輸　広丘野村営業所止め,399-0702,長野県塩尻市広丘野村字角前１９４５－１,(ｾﾝﾀｰｺｰﾄﾞ:043062),0263-51-5230,,338010,甲信営業所,309,甲信,101,日本,34,長野,長野県
70404-88,ヤマト運輸㈱　四国中央西営業所止メ,799-0704,愛媛県四国中央市土居町津根３６９１－１,(ｾﾝﾀｰｺｰﾄﾞ:080221),0570-200-000,0877-45-5774,221010,大阪支店,201,大阪,101,日本,73,愛媛,愛媛県
70404-89,ヤマト運輸㈱　高麗橋４丁目営業所止メ,541-0043,大阪府大阪市中央区高麗橋４－５－１４,(ｾﾝﾀｰｺｰﾄﾞ:060921),0570-200-000,06-4702-2515,221010,大阪支店,201,大阪,101,日本,54,大阪,大阪府
70404-90,ヤマト運輸㈱　名張営業所止メ,518-0603,三重県名張市西原町字井之上５０－１,(ｾﾝﾀｰｺｰﾄﾞ:055303),0570-200-000,059-329-6177,221010,大阪支店,201,大阪,101,日本,43,三重,三重県
70404-91,ヤマト運輸㈱　斐川営業所（平田）止メ,699-0505,島根県出雲市斐川町上庄原１４３５,(ｾﾝﾀｰｺｰﾄﾞ:075171),0570-200-000,0824-62-3061,221010,大阪支店,201,大阪,101,日本,63,島根,島根県
70404-94,ヤマト運輸㈱　小倉東営業所（葛原）止メ,800-0206,福岡県北九州市小倉南区葛原東５－１５－１北九州主管支店内,(ｾﾝﾀｰｺｰﾄﾞ:091052),0570-200-000,093-475-8014,223010,福岡営業所,203,福岡,101,日本,80,福岡,福岡県
70404-95,ヤマト運輸㈱　広島中野営業所止メ,739-0323,広島県広島市安芸区中野東２－５－２７,(ｾﾝﾀｰｺｰﾄﾞ:072062),0570-200-000,082-849-0090,222010,広島営業所,202,広島,101,日本,61,広島,広島県
70404-96,ヤマト運輸㈱　松山西営業所止メ,791-8042,愛媛県松山市南吉田町１４９９,(ｾﾝﾀｰｺｰﾄﾞ:084020),0570-200-000,089-963-8673,222010,広島営業所,202,広島,101,日本,73,愛媛,愛媛県
70404-98,ヤマト運輸㈱　三次中央営業所止メ,728-0006,広島県三次市畠敷町８５９番地１,(ｾﾝﾀｰｺｰﾄﾞ:071090),0570-200-000,0824-62-3061,222010,広島営業所,202,広島,101,日本,61,広島,広島県
70404-99,ヤマト運輸㈱　三条須頃営業所止め,959-1228,新潟県燕市佐渡字寄合割5241テスト用,(ｾﾝﾀｰｺｰﾄﾞ:040010),0256-68-3366,,336010,関東支店,306,新潟,101,日本,30,新潟,新潟県
70405-01,ヤマト運輸㈱　広丘野村ｾﾝﾀｰ止め,399-0702,長野県塩尻市広丘野村字角前1945-1,(ｾﾝﾀｰｺｰﾄﾞ:043062),0263-51-5230,,338010,甲信営業所,309,甲信,101,日本,34,長野,長野県
70405-04,ヤマト運輸㈱　高知土佐山田営業所止メ,782-0051,高知県香美市土佐山田町楠目１５０５－１,(ｾﾝﾀｰｺｰﾄﾞ:083070),0570-200-000,088-804-8557,221010,大阪支店,201,大阪,101,日本,70,高知,高知県
70405-06,ヤマト運輸㈱　出雲営業所（渡橋）止メ,693-0004,島根県出雲市渡橋町１０５３－１,(ｾﾝﾀｰｺｰﾄﾞ:075112),0570-200-000,0824-62-3061,221010,大阪支店,201,大阪,101,日本,63,島根,島根県
70405-11,ヤマト運輸㈱　奈良五條営業所止メ,637-0004,奈良県五條市今井４－３－４１,(ｾﾝﾀｰｺｰﾄﾞ:064030),0570-200-000,0743-56-6122,221010,大阪支店,201,大阪,101,日本,52,奈良,奈良県
70405-17,ヤマト運輸㈱名張営業所止メ,518-0603,三重県名張市西原町字井之上５０－１,(ｾﾝﾀｰｺｰﾄﾞ:055300),0570-200-000,059-329-6177,221010,大阪支店,201,大阪,101,日本,43,三重,三重県
70405-18,ヤマト運輸㈱　岡山矢掛営業所止メ,714-1227,岡山県小田郡矢掛町小田１３５５－１６,(ｾﾝﾀｰｺｰﾄﾞ:070200),0570-200-000,086-277-3989,222010,広島営業所,202,広島,101,日本,60,岡山,岡山県
70405-21,ヤマト運輸㈱　嘉川営業所止メ,754-0896,山口県山口市江崎２９１０－１,(ｾﾝﾀｰｺｰﾄﾞ:073140),0570-200-000,083-986-3815,222010,広島営業所,202,広島,101,日本,64,山口,山口県
70405-23,ヤマト運輸㈱　春日南営業所止メ,816-0807,福岡県春日市宝町３－１－１,(ｾﾝﾀｰｺｰﾄﾞ:190150),0570-200-000,0942-51-3155,223010,福岡営業所,203,福岡,101,日本,80,福岡,福岡県
70405-24,ヤマト運輸㈱　三条月岡ｾﾝﾀｰ止め,955-0803,新潟県三条市月岡１丁目７－３１,(ｾﾝﾀｰｺｰﾄﾞ:040011),0570-200-000,"	025-230-3311",336010,関東支店,306,新潟,101,日本,30,新潟,新潟県
70405-28,ヤマト運輸㈱　鳥取中央営業所止メ,680-0911,鳥取県鳥取市千代水３－３０,(ｾﾝﾀｰｺｰﾄﾞ:077010),0570-200-000,0868-54-7166,221010,大阪支店,201,大阪,101,日本,62,鳥取,鳥取県
70405-31,ヤマト運輸㈱　金光営業所止メ,719-0113,岡山県浅口市金光町佐方１７３－１,(ｾﾝﾀｰｺｰﾄﾞ:070120),0570-200-000,086-277-3989,222010,広島営業所,202,広島,101,日本,60,岡山,岡山県
70405-33,ヤマト運輸㈱　山形流通ｾﾝﾀｰ止め,990-2212,山形県山形市上柳４８－１山形主管支店内,(ｾﾝﾀｰｺｰﾄﾞ:014120),0570-200-000,023-687-4180,332010,関東支店,302,関東,101,日本,15,山形,山形県
70405-34,ヤマト運輸㈱　岡山大内田営業所止メ,701-0165,岡山県岡山市北区大内田７６７－５,(ｾﾝﾀｰｺｰﾄﾞ:070363),0570-200-000,086-277-3989,221010,大阪支店,201,大阪,101,日本,60,岡山,岡山県
70405-35,ヤマト運輸㈱　北上営業所止め,024-0014,岩手県北上市流通センター１６－１,(ｾﾝﾀｰｺｰﾄﾞ:012120),0570-200-000,,332010,関東支店,302,関東,101,日本,12,岩手,岩手県
70405-36,ヤマト運輸㈱　沼津浮島営業所止め,410-0312,静岡県沼津市原２６０６－２２,(ｾﾝﾀｰｺｰﾄﾞ:051173),0570-200-000,,116010,浜松営業所,106,浜松,101,日本,40,静岡,静岡県
70405-37,ヤマト運輸㈱　山陽小野田営業所止メ,756-0057,山口県山陽小野田市西高泊１０４６－６,(ｾﾝﾀｰｺｰﾄﾞ:073100),0570-200-000,083-986-3815,222010,広島営業所,202,広島,101,日本,64,山口,山口県
70405-39,ヤマト運輸㈱　柏高田宅急便ｾﾝﾀｰ止め,277-0872,千葉県柏市十余二１６４－２６,(ｾﾝﾀｰｺｰﾄﾞ:135312),0570-200-000,047-157-3542,332010,関東支店,302,関東,101,日本,22,千葉,千葉県
70405-40,ヤマト運輸㈱　東酒屋営業所止メ,728-0023,広島県三次市東酒屋町３０６－６６,(ｾﾝﾀｰｺｰﾄﾞ:071092),0570-200-000,0824-62-3061,222010,広島営業所,202,広島,101,日本,61,広島,広島県
70405-41,ヤマト運輸㈱　鶴見営業所止メ,538-0052,大阪府大阪市鶴見区横堤４－７－６,(ｾﾝﾀｰｺｰﾄﾞ:161160),0570-200-000,06-6465-6810,221010,大阪支店,201,大阪,101,日本,54,大阪,大阪府
70405-43,ヤマト運輸㈱　山口法人営業支店止メ,747-1221,山口県山口市鋳銭司字鋳銭司団地北10447-45山口主管支店内,(ｾﾝﾀｰｺｰﾄﾞ:073600),082-874-6320,083-986-3815,222010,広島営業所,202,広島,101,日本,64,山口,山口県
70405-44,ヤマト運輸㈱　愛媛西条営業所止メ,793-0042,愛媛県西条市喜多川７８８－１,(ｾﾝﾀｰｺｰﾄﾞ:085240),0570-200-000,089-963-8673,222010,広島営業所,202,広島,101,日本,73,愛媛,愛媛県
70405-45,ヤマト運輸㈱　大社営業所止メ,693-0043,島根県出雲市長浜町６５９－３８,(ｾﾝﾀｰｺｰﾄﾞ:075320),0570-200-000,0824-62-3061,222010,広島営業所,202,広島,101,日本,63,島根,島根県
70405-49,ヤマト運輸㈱　広島志和センター止メ,739-0264,広島県東広島市志和町大字七条椛坂１９８２－１,(ｾﾝﾀｰｺｰﾄﾞ:072244),082-874-6320,082-849-0090,222010,広島営業所,202,広島,101,日本,61,広島,広島県
70405-52,ヤマト運輸㈱　山口東営業所（御堀）止メ,753-0212,山口県山口市下小鯖６４３－１,(ｾﾝﾀｰｺｰﾄﾞ:073091),0570-200-000,083-986-3815,222010,広島営業所,201,大阪,101,日本,64,山口,山口県
70405-54,ヤマト運輸㈱　出雲高岡営業所止メ,693-0066,島根県出雲市高岡町１２３４,(ｾﾝﾀｰｺｰﾄﾞ:075111),0570-200-000,0824-62-3061,221010,大阪支店,201,大阪,101,日本,63,島根,島根県
70405-55,ヤマト運輸㈱　防府西営業所止メ,747-0836,山口県防府市植松字中川１３７３番地９,(ｾﾝﾀｰｺｰﾄﾞ:073082),0570-200-000,083-986-3815,222010,広島営業所,202,広島,101,日本,64,山口,山口県
70405-56,ヤマト運輸㈱　伊丹有岡営業所止メ,664-0831,兵庫県伊丹市森本１－２１２,(ｾﾝﾀｰｺｰﾄﾞ:061851),0570-200-000,06-6419-6174,221010,大阪支店,201,大阪,101,日本,55,兵庫,兵庫県
70405-57,ヤマト運輸㈱　青森常盤センター止メ,038-1216,青森県南津軽郡藤崎町榊字和田３７,(ｾﾝﾀｰｺｰﾄﾞ:010180),0570-200-000,,332010,関東支店,302,関東,101,日本,11,青森,青森県
70405-58,ヤマト運輸㈱　香川白鳥営業所止メ,769-2703,香川県東かがわ市伊座字甚古谷５５６－１,(ｾﾝﾀｰｺｰﾄﾞ:080300),0570-200-000,0877-45-5774,221010,大阪支店,201,大阪,101,日本,71,香川,香川県
70405-60,ヤマト運輸㈱　笠間平町センター止メ,309-1722,茨城県笠間市平町４４６－１,(ｾﾝﾀｰｺｰﾄﾞ:021180),029-831-7111,029-831-3413,332010,関東支店,302,関東,101,日本,24,茨城,茨城県
70405-61,ヤマト運輸㈱　八王子石川センター止メ,192-0032,東京都八王子市石川町１１３－２,(ｾﾝﾀｰｺｰﾄﾞ:033330),0570-200-000,042-549-7424,11010,名古屋支店,101,名古屋,101,日本,32,石川,石川県
70405-62,ヤマト運輸㈱　玖珂営業所止メ,742-0315,山口県岩国市玖珂町字瀬田４６１８－１,(ｾﾝﾀｰｺｰﾄﾞ:073342),0570-200-000,083-986-3815,222010,広島営業所,202,広島,101,日本,64,山口,山口県
70405-63,ヤマト運輸㈱　斐川営業所止メ,699-0505,島根県出雲市斐川町上庄原１４３５,(ｾﾝﾀｰｺｰﾄﾞ:075170),0853-72-4312,0824-62-3061,221010,大阪支店,201,大阪,101,日本,63,島根,島根県
70405-65,ヤマト運輸㈱　千歳泉沢センター止メ,066-0051,北海道千歳市泉沢１００７－２０６千歳主管支店１Ｆ,(ｾﾝﾀｰｺｰﾄﾞ:003402),0570-200-000,0123-28-7712,332010,関東支店,302,関東,101,日本,10,北海道,北海道
70405-70,ヤマト運輸㈱　前橋元総社センター止め,371-0846,群馬県高崎市正観寺町字前久保２５－２,(ｾﾝﾀｰｺｰﾄﾞ:023240),0570-200-000,027-290-3812,332010,関東支店,302,関東,101,日本,26,群馬,群馬県
70405-71,ヤマト運輸㈱　福島成川センター止メ,960-1108,福島県福島市成川字古屋敷１５－２,(ｾﾝﾀｰｺｰﾄﾞ:115140),022-249-4691,,332010,関東支店,302,関東,101,日本,16,福島,福島県
70405-72,ヤマト運輸㈱　浜松初生センター止め,433-8112,静岡県浜松市中央区初生町３７５－１,(ｾﾝﾀｰｺｰﾄﾞ:052020),053-432-6131,,116010,浜松営業所,106,浜松,101,日本,40,静岡,静岡県
70405-72,ヤマト運輸㈱　浜松初生センター止め,433-8112,静岡県浜松市中央区初生町３７５－１,(ｾﾝﾀｰｺｰﾄﾞ:052020),0570-200-000,,116010,浜松営業所,106,浜松,101,日本,40,静岡,静岡県
70405-72,ヤマト運輸㈱　浜松初生センター止め,433-8112,静岡県浜松市中央区初生町３７５－１,(ｾﾝﾀｰｺｰﾄﾞ:052020),0570-200-000,,116010,浜松営業所,106,浜松,101,日本,40,静岡,静岡県
70405-72,ヤマト運輸㈱　浜松初生センター止め,433-8112,静岡県浜松市中央区初生町３７５－１,(ｾﾝﾀｰｺｰﾄﾞ:052020),0570-200-000,,116010,浜松営業所,106,浜松,101,日本,40,静岡,静岡県
70405-72,ヤマト運輸㈱　浜松初生センター止め,433-8112,静岡県浜松市中央区初生町３７５－１,(ｾﾝﾀｰｺｰﾄﾞ:052020),0570-200-000,,116010,浜松営業所,106,浜松,101,日本,40,静岡,静岡県
70405-72,ヤマト運輸㈱　浜松初生センター止め,433-8112,静岡県浜松市中央区初生町３７５－１,(ｾﾝﾀｰｺｰﾄﾞ:052020),0570-200-000,,116010,浜松営業所,106,浜松,101,日本,40,静岡,静岡県
70405-73,ヤマト運輸㈱　真岡二宮センター止め,321-4346,栃木県真岡市松山町１１－３,(ｾﾝﾀｰｺｰﾄﾞ:022680),0289-93-4206,0289-76-6911,332010,関東支店,302,関東,101,日本,25,栃木,栃木県
70405-74,ヤマト運輸㈱　小矢部センター止メ,932-0825,富山県小矢部市島１９０,(ｾﾝﾀｰｺｰﾄﾞ:044090),0570-200-000,0766-55-4966,116010,富山営業所,105,富山,101,日本,31,富山,富山県
70405-75,ヤマト運輸㈱　広島坂町営業所止メ,731-4311,広島県安芸郡坂町北新地４－２－６７,(ｾﾝﾀｰｺｰﾄﾞ:072250),0570-200-000,082-849-0090,222010,広島営業所,202,広島,101,日本,61,広島,広島県
70405-76,ヤマト運輸㈱　大分宇佐営業所止メ,879-1135,大分県宇佐市大字和気１２５０－１,(ｾﾝﾀｰｺｰﾄﾞ:095010),0570-200-000,097-514-3031,223010,福岡営業所,203,福岡,101,日本,83,大分,大分県
70405-78,ヤマト運輸㈱　飯田川路営業所止め,399-2431,長野県飯田市川路７５０１－２,(ｾﾝﾀｰｺｰﾄﾞ:043024),0570-200-000,0263-51-1638,338010,甲信営業所,309,甲信,101,日本,34,長野,長野県
70405-80,ヤマト運輸　那須塩原駅前センター止め,329-3135,栃木県那須塩原市前弥六３６６－１０,(ｾﾝﾀｰｺｰﾄﾞ:022870),0570-200-000,0289-76-6911,332010,関東支店,302,関東,101,日本,25,栃木,栃木県
70405-81,ヤマト運輸㈱　東大阪近大前営業所止メ,577-0814,大阪府東大阪市南上小阪８番４号,(ｾﾝﾀｰｺｰﾄﾞ:160173),0570-200-000,06-6904-7571,221010,大阪支店,201,大阪,101,日本,54,大阪,大阪府
70405-82,ヤマト運輸㈱　鈴鹿花川センター止メ,519-0323,三重県鈴鹿市伊船町字西境塚１９３４－５,(ｾﾝﾀｰｺｰﾄﾞ:055350),0570-200-000,059-329-6177,221010,大阪支店,201,大阪,101,日本,43,三重,三重県
70405-83,ヤマト運輸㈱　厚木関口営業所止メ,243-0804,神奈川県厚木市関口１０５,(ｾﾝﾀｰｺｰﾄﾞ:027430),046-400-7161,,335010,神奈川営業所,304,神奈川,101,日本,21,神奈川,神奈川県
70405-83,ヤマト運輸㈱　厚木関口営業所止メ,243-0804,神奈川県厚木市関口１０５,(ｾﾝﾀｰｺｰﾄﾞ:027430),046-400-7161,,335010,神奈川営業所,304,神奈川,101,日本,21,神奈川,神奈川県
70405-83,ヤマト運輸㈱　厚木関口営業所止メ,243-0804,神奈川県厚木市関口１０５,(ｾﾝﾀｰｺｰﾄﾞ:027430),090-5605-5481,,335010,神奈川営業所,304,神奈川,101,日本,21,神奈川,神奈川県
70405-83,ヤマト運輸㈱　厚木関口営業所止メ,243-0804,神奈川県厚木市関口１０５,(ｾﾝﾀｰｺｰﾄﾞ:027430),090-1091-1151,,335010,神奈川営業所,304,神奈川,101,日本,21,神奈川,神奈川県
70405-84,ヤマト運輸㈱りんくう営業所止メ,598-0048,大阪府泉佐野市りんくう往来北２－１０,(ｾﾝﾀｰｺｰﾄﾞ:069682),0570-200-000,06-6655-1753,221010,大阪支店,201,大阪,101,日本,54,大阪,大阪府
70405-85,ヤマト運輸㈱　菊池営業所（大津）,869-1236,熊本県菊池郡大津町杉水２８９３－１,(ｾﾝﾀｰｺｰﾄﾞ:094140),0570-200-000,096-287-8070,223010,福岡営業所,201,大阪,101,日本,84,熊本,熊本県
70405-86,ヤマト運輸　長野東御営業所（東御）,389-0512,長野県東御市滋野乙２５１９－４,(ｾﾝﾀｰｺｰﾄﾞ:042101),0263-51-5230,,338010,甲信営業所,309,甲信,101,日本,34,長野,長野県
70405-87,ヤマト運輸　駿東郡清水町センター止め,411-0905,静岡県駿東郡清水町長沢３１０,(ｾﾝﾀｰｺｰﾄﾞ:051050),0570-200-000,0545-67-4604,116010,浜松営業所,106,浜松,101,日本,40,静岡,静岡県
70405-88,ヤマト運輸㈱　福井春江センター止め,910-0122,福井県福井市石盛町７０７－４,(ｾﾝﾀｰｺｰﾄﾞ:046041),0764-92-3260,0776-52-2410,116010,富山営業所,105,富山,101,日本,31,富山,富山県
70405-89,ヤマト運輸㈱　東大阪高井田営業所止メ,577-0053,大阪府東大阪市高井田２３－２０,(ｾﾝﾀｰｺｰﾄﾞ:160180),06-6907-4111,06-6904-7571,221010,大阪支店,201,大阪,101,日本,54,大阪,大阪府
70405-91,ヤマト運輸㈱　羽曳野営業所止メ,583-0881,大阪府羽曳野市島泉８－１４７－１,(ｾﾝﾀｰｺｰﾄﾞ:160244),0570-200-000,06-6904-7571,221010,大阪支店,201,大阪,101,日本,54,大阪,大阪府
70405-92,ヤマト運輸㈱　長沼センター止メ（千葉県,264-0036,千葉県千葉市若葉区殿台町１４６,(ｾﾝﾀｰｺｰﾄﾞ:025040),0570-200-000,043-259-3643,332010,関東支店,302,関東,101,日本,22,千葉,千葉県
70405-93,ヤマト運輸㈱　福井春江センター止め,910-0122,福井県福井市石盛町７０７－４,(ｾﾝﾀｰｺｰﾄﾞ:046041),0764-92-3260,0776-52-2410,116010,富山営業所,105,富山,101,日本,31,富山,富山県
70405-96,ヤマト運輸㈱　岐阜太郎丸センター止メ,501-2575,岐阜県岐阜市太郎丸中島３,(ｾﾝﾀｰｺｰﾄﾞ:058041),0570-200-000,0575-25-6668,11010,名古屋支店,101,名古屋,101,日本,42,岐阜,岐阜県
70405-97,ヤマト運輸㈱　四日市富士センター,510-8012,三重県四日市市茂福町２４－１０,(ｾﾝﾀｰｺｰﾄﾞ:055040),0570-200-000,059-329-6177,221010,大阪支店,201,大阪,101,日本,43,三重,三重県
70405-98,ヤマト運輸㈱　清水袖師センター止め,424-0037,静岡県静岡市清水区袖師町５１５－３,(ｾﾝﾀｰｺｰﾄﾞ:150081),0570-200-000,054-266-3273,117010,静岡営業所,104,静岡,101,日本,40,静岡,静岡県
70405-99,ヤマト運輸㈱　岡谷神明センター止メ,394-0026,長野県岡谷市塚間町２丁目３－８,(ｾﾝﾀｰｺｰﾄﾞ:043160),0570-200-000,0263-51-1638,338010,甲信営業所,309,甲信,101,日本,34,長野,長野県
70418-01,ヤマト運輸　御殿場山の尻ｾﾝﾀｰ止め,412-0018,静岡県御殿場市山之尻１０４７－１,(ｾﾝﾀｰｺｰﾄﾞ:051010),0570-200-000,0545-67-4604,116010,浜松営業所,106,浜松,101,日本,40,静岡,静岡県
70418-02,ヤマト運輸㈱　高島営業所（今津）止メ,520-1623,滋賀県高島市今津町住吉２丁目１番１１,(ｾﾝﾀｰｺｰﾄﾞ:063130),0570-200-000,077-553-9810,225010,滋賀営業所,205,滋賀,101,日本,50,滋賀,滋賀県
70418-04,ヤマト運輸㈱　足利鹿島センター止メ,326-0844,栃木県足利市鹿島町本宿４１２－２,ｾﾝﾀｰｺｰﾄﾞ：022320,0570-200-000,0289-76-6911,332010,関東支店,302,関東,101,日本,25,栃木,栃木県
70418-07,ヤマト運輸㈱浜松小松センター止め,434-0042,静岡県浜松市浜名区小松１６３７,(ｾﾝﾀｰｺｰﾄﾞ:052091),0570-200-000,053-435-4445,116010,浜松営業所,106,浜松,101,日本,40,静岡,静岡県
70418-09,ヤマト運輸駒ヶ根営業所止め,399-4117,長野県駒ケ根市赤穂５６２１－２,(ｾﾝﾀｰｺｰﾄﾞ:043041),0570-200-000,0263-51-1638,338010,甲信営業所,309,甲信,101,日本,34,長野,長野県
70440-96,ヤマト運輸㈱　笠岡営業所止メ,714-0081,岡山県笠岡市笠岡２７６－４,(ｾﾝﾀｰｺｰﾄﾞ:070020),0570-200-000,086-277-3989,222010,広島営業所,202,広島,101,日本,60,岡山,岡山県
70440-97,ヤマト運輸㈱　高知安芸営業所止メ,784-0001,高知県安芸市矢の丸４丁目４－２,(ｾﾝﾀｰｺｰﾄﾞ:083060),0570-200-000,088-804-8557,222010,広島営業所,202,広島,101,日本,70,高知,高知県
70440-98,ヤマト運輸㈱　坂出林田営業所止メ,762-0012,香川県坂出市林田町４２８５番地２６１,(ｾﾝﾀｰｺｰﾄﾞ:080121),0570-200-000,0877-45-5774,222010,広島営業所,202,広島,101,日本,71,香川,香川県
70440-99,ヤマト運輸㈱　福山駅家営業所止メ,720-1131,広島県福山市駅家町万能倉１２７４－１,(ｾﾝﾀｰｺｰﾄﾞ:070862),0570-200-000,0824-62-3061,222010,広島営業所,202,広島,101,日本,61,広島,広島県
70446-02,ヤマト運輸㈱　斐川センター,699-0505,島根県出雲市斐川町上庄原１４３５,(ｾﾝﾀｰｺｰﾄﾞ:075170),0824-62-3041,0824-62-0791,440150,資材課(出雲),201,大阪,101,日本,63,島根,島根県
70446-03,ヤマト運輸㈱　山口南営業所止メ,747-1221,山口県山口市鋳銭司字鋳銭司団地北４４７－２３,(ｾﾝﾀｰｺｰﾄﾞ:073142),0570-200-000,083-986-3815,222010,広島営業所,202,広島,101,日本,64,山口,山口県
70446-04,ヤマト運輸㈱　津白塚センター止メ,514-0101,三重県津市白塚町字鎌田３９７５,(ｾﾝﾀｰｺｰﾄﾞ:055330),0570-200-000,059-329-6177,221010,大阪支店,201,大阪,101,日本,43,三重,三重県
70446-05,ヤマト運輸㈱　高崎京ケ島センター止め,370-0034,群馬県高崎市下大類町１１３,(ｾﾝﾀｰｺｰﾄﾞ:023221),0570-200-000,027-290-3812,332010,関東支店,302,関東,101,日本,26,群馬,群馬県
70446-06,ヤマト運輸㈱　小倉朽網営業所止メ,800-0232,福岡県北九州市小倉南区朽網東２－３－２０,(ｾﾝﾀｰｺｰﾄﾞ:091351),0570-200-000,093-475-8014,223010,福岡営業所,203,福岡,101,日本,80,福岡,福岡県
70446-07,ヤマト運輸㈱　甲賀東営業所止メ,520-3307,滋賀県甲賀市甲南町野尻４１７－１,(ｾﾝﾀｰｺｰﾄﾞ:063063),0570-200-000,077-553-9810,225010,滋賀営業所,205,滋賀,101,日本,50,滋賀,滋賀県
70446-08,ヤマト運輸㈱　信州坂城営業所止メ,389-0602,長野県埴科郡坂城町中之条中沢３９－１,(ｾﾝﾀｰｺｰﾄﾞ:042150),0263-51-5230,,338010,甲信営業所,309,甲信,101,日本,34,長野,長野県
70446-10,ヤマト運輸㈱　会津本郷センター止メ,969-6024,福島県大沼郡会津美里町字川原町北甲１７５７,(ｾﾝﾀｰｺｰﾄﾞ:015180),0570-200-000,"	024-968-1050",332010,関東支店,302,関東,101,日本,16,福島,福島県
70446-11,ヤマト運輸㈱　田富昭和営業所止め,409-3854,山梨県中巨摩郡昭和町築地新田９５山梨主管支店内,(ｾﾝﾀｰｺｰﾄﾞ:037010),0263-51-5230,,338010,甲信営業所,309,甲信,101,日本,27,山梨,山梨県
70446-12,ヤマト運輸㈱　群馬藪塚センター止メ,379-2301,群馬県太田市藪塚町２１６２－１,(ｾﾝﾀｰｺｰﾄﾞ:023025),0570-200-000,027-290-3812,332010,関東支店,302,関東,101,日本,26,群馬,群馬県
70446-13,ヤマト運輸㈱　広島本郷営業所止メ,729-0413,広島県三原市南方2-6-20,(ｾﾝﾀｰｺｰﾄﾞ:071120),082-874-6320,0824-62-3061,222010,広島営業所,202,広島,101,日本,61,広島,広島県
70446-14,ヤマト運輸㈱　足利駅前通りセンター止メ,326-0005,栃木県足利市大月町字西耕地６８０－１,(ｾﾝﾀｰｺｰﾄﾞ:022220),0570-200-000,0289-76-6911,332010,関東支店,302,関東,101,日本,25,栃木,栃木県
70446-15,ヤマト運輸㈱　鳥取八頭営業所止メ,680-1212,鳥取県鳥取市河原町徳吉３１６－１,(ｾﾝﾀｰｺｰﾄﾞ:077070),0570-200-000,0868-54-7166,221010,大阪支店,201,大阪,101,日本,62,鳥取,鳥取県
70446-16,ヤマト運輸㈱　足利大月センター止め,326-0005,栃木県足利市大月町字西耕地６８０－１,(ｾﾝﾀｰｺｰﾄﾞ:022340),0570-200-000,0289-76-6911,332010,関東支店,302,関東,101,日本,25,栃木,栃木県
70446-18,ヤマト運輸㈱　群馬宝泉センター止メ,373-0847,群馬県太田市西新町７－１,(ｾﾝﾀｰｺｰﾄﾞ:023170),0570-200-000,027-290-3812,332010,関東支店,302,関東,101,日本,26,群馬,群馬県
70446-19,ヤマト運輸㈱　高島営業所（新旭）止メ,520-1231,滋賀県高島市安曇川町川島１１２３－２,(ｾﾝﾀｰｺｰﾄﾞ:063072),0570-200-000,077-553-9810,225010,滋賀営業所,205,滋賀,101,日本,50,滋賀,滋賀県
70446-20,ヤマト運輸㈱　北上南センター止メ,024-0056,岩手県北上市鬼柳町笊渕２１７,(ｾﾝﾀｰｺｰﾄﾞ:012123),0570-200-000,0197-81-4747,332010,関東支店,302,関東,101,日本,12,岩手,岩手県
70446-21,ヤマト運輸㈱八戸白山台センター止め,039-1114,青森県八戸市北白山台２丁目２－２３,(ｾﾝﾀｰｺｰﾄﾞ:016014),0570-200-000,017-762-5370,332010,関東支店,302,関東,101,日本,11,青森,青森県
70446-22,ヤマト運輸㈱　熊谷問屋町センター止メ,360-0023,埼玉県熊谷市大字佐谷田字不動堂４９０－１,(ｾﾝﾀｰｺｰﾄﾞ:034310),0570-200-000,0493-25-0683,331010,東京営業所,301,東京,101,日本,23,埼玉,埼玉県
70446-23,ヤマト運輸㈱　八王子大和田センター止メ,192-0045,東京都八王子市大和田町１丁目６－１１,(ｾﾝﾀｰｺｰﾄﾞ:033334),0570-200-000,042-549-7424,332010,関東支店,302,関東,101,日本,20,東京,東京都
70446-24,ヤマト運輸㈱　一関西センター止メ,021-0041,岩手県一関市赤荻字桜町１３９－１,(ｾﾝﾀｰｺｰﾄﾞ:012020),0570-200-000,0197-81-4747,332010,関東支店,302,関東,101,日本,12,岩手,岩手県
70446-25,ヤマト運輸㈱　古川小野センター止メ,989-6251,宮城県大崎市古川小野字新羽黒３０５,(ｾﾝﾀｰｺｰﾄﾞ:013032),0570-200-000,022-777-5254,333010,仙台営業所,303,仙台,101,日本,14,宮城,宮城県
70446-26,ヤマト運輸㈱　佐久営業所（佐久平）止め,385-0023,長野県佐久市岩村田北１－６－１,(ｾﾝﾀｰｺｰﾄﾞ:042110),0263-51-5230,,338010,甲信営業所,309,甲信,101,日本,34,長野,長野県
70446-27,ヤマト運輸㈱　新発田センター止メ,957-0071,新潟県新発田市曽根３０８,(ｾﾝﾀｰｺｰﾄﾞ:040040),0570-200-000,025-230-3311,336010,関東支店,306,新潟,101,日本,30,新潟,新潟県
70446-28,ヤマト運輸㈱　高崎豊岡営業所止メ,370-0871,群馬県高崎市上豊岡町５７６－８,(ｾﾝﾀｰｺｰﾄﾞ:023070),0570-200-000,027-290-3812,332010,関東支店,302,関東,101,日本,26,群馬,群馬県
70446-31,ヤマト運輸㈱　南陽宮内センター止メ,992-0473,山形県南陽市池黒字大坪９１８－２,(ｾﾝﾀｰｺｰﾄﾞ:014332),0570-200-000,023-687-4180,332010,関東支店,302,関東,101,日本,15,山形,山形県
70446-34,ヤマト運輸　新潟三条営業所止め三条須頃,959-1228,新潟県燕市佐渡字寄合割5241,(ｾﾝﾀｰｺｰﾄﾞ:040010),0256-68-3366,,336010,関東支店,306,新潟,101,日本,30,新潟,新潟県
70446-35,ヤマト運輸㈱　旭鎌数営業所（八日市場）,289-2505,千葉県旭市鎌数９３００－６,(ｾﾝﾀｰｺｰﾄﾞ:125022),0570-200-000,0476-35-3607,332010,関東支店,302,関東,101,日本,22,千葉,千葉県
70446-36,ヤマト運輸㈱　美作営業所（英田）止メ,707-0015,岡山県美作市豊国原１８７－２,(ｾﾝﾀｰｺｰﾄﾞ:077080),0570-200-000,0868-54-7166,221010,大阪支店,201,大阪,101,日本,60,岡山,岡山県
70446-37,ヤマト運輸㈱　佐野多田センター止メ,327-0311,栃木県佐野市多田町３０８７－１,(ｾﾝﾀｰｺｰﾄﾞ:022360),0570-200-000,0289-76-6911,332010,関東支店,302,関東,101,日本,25,栃木,栃木県
70446-39,ヤマト運輸㈱　新鎌ヶ谷センター止メ,273-0121,千葉県鎌ケ谷市初富１９０－６,(ｾﾝﾀｰｺｰﾄﾞ:035060),0570-200-000,047-432-9302,332010,関東支店,302,関東,101,日本,22,千葉,千葉県
70446-40,ヤマト運輸㈱　小山横倉センター止メ,323-0823,栃木県小山市向原新田字向原９８－８０,(ｾﾝﾀｰｺｰﾄﾞ:022250),0570-200-000,0289-76-6911,332010,関東支店,302,関東,101,日本,25,栃木,栃木県
70446-41,ヤマト運輸　日立多賀センター止メ,316-0002,茨城県日立市桜川町３丁目１１－１０,(ｾﾝﾀｰｺｰﾄﾞ:021203),0570-200-000,029-831-3413,332010,関東支店,302,関東,101,日本,24,茨城,茨城県
70446-42,ヤマト運輸㈱　白根茨曽根センター止メ,950-1456,新潟県新潟市南区茨曽根６５１３,(ｾﾝﾀｰｺｰﾄﾞ:040150),0570-200-000,025-230-3311,336010,関東支店,306,新潟,101,日本,30,新潟,新潟県
70446-43,ヤマト運輸㈱　市川三郷センター止メ,400-0601,山梨県南巨摩郡富士川町鰍沢１４２３－２,(ｾﾝﾀｰｺｰﾄﾞ:037060),0570-200-000,055-268-5606,338010,甲信営業所,309,甲信,101,日本,27,山梨,山梨県
70446-44,ヤマト運輸㈱　北本中央センター止メ,364-0033,埼玉県北本市本町４丁目２４－１,(ｾﾝﾀｰｺｰﾄﾞ:034102),0570-200-734,0493-25-0683,331010,東京営業所,301,東京,101,日本,23,埼玉,埼玉県
70446-45,ヤマト運輸㈱　埼玉岡部センター止メ,369-0217,埼玉県深谷市大字山河１２１３－１,(ｾﾝﾀｰｺｰﾄﾞ:034042),0570-200-000,0493-25-0683,331010,東京営業所,301,東京,101,日本,23,埼玉,埼玉県
70446-46,ヤマト運輸㈱　岡山真備営業所止メ,710-1301,岡山県倉敷市真備町箭田８６９－３,(ｾﾝﾀｰｺｰﾄﾞ:070032),0570-200-000,086-277-3989,222010,広島営業所,202,広島,101,日本,60,岡山,岡山県
70446-47,ヤマト運輸　姉崎センター止メ,299-0111,千葉県市原市姉崎700-2,(ｾﾝﾀｰｺｰﾄﾞ:025232),0570-200-000,,332010,関東支店,302,関東,101,日本,22,千葉,千葉県
70446-48,ヤマト運輸　山梨櫛形センター止メ,400-0301,山梨県南アルプス市桃園字北畑３７０－１,(ｾﾝﾀｰｺｰﾄﾞ:037090),0570-200-000,055-268-5606,338010,甲信営業所,309,甲信,101,日本,27,山梨,山梨県
70446-49,ヤマト運輸　須坂南営業所止メ,382-0047,長野県須坂市大字幸高２１８－１,(ｾﾝﾀｰｺｰﾄﾞ:042032),0263-51-5230,026-295-4444,338010,甲信営業所,309,甲信,101,日本,34,長野,長野県
70446-50,ヤマト運輸㈱　千歳北斗センター止め,066-0073,北海道千歳市北斗２丁目２－１,(ｾﾝﾀｰｺｰﾄﾞ:003400),0570-200-000,0123-28-7712,332010,関東支店,302,関東,101,日本,10,北海道,北海道
70446-51,ヤマト運輸㈱　香川東営業所止メ,769-2402,香川県さぬき市津田町鶴羽字薬師堂１６８－１,(ｾﾝﾀｰｺｰﾄﾞ:080070),0570-200-000,0877-45-5774,222010,広島営業所,202,広島,101,日本,71,香川,香川県
70446-53,ヤマト運輸　岩槻工業団地センター止メ,339-0002,埼玉県さいたま市岩槻区裏慈恩寺２１－３,(ｾﾝﾀｰｺｰﾄﾞ:024842),0570-200-000,048-722-3141,331010,東京営業所,301,東京,101,日本,23,埼玉,埼玉県
70446-54,ヤマト運輸㈱　福山中央営業所止メ,720-0821,広島県福山市東川口町１－４－１,(ｾﾝﾀｰｺｰﾄﾞ:070801),0570-200-000,0824-62-3061,222010,広島営業所,202,広島,101,日本,61,広島,広島県
70446-55,ヤマト運輸㈱　長野若穂営業所止メ,381-0103,長野県長野市若穂川田字古町３５８７,(ｾﾝﾀｰｺｰﾄﾞ:042322),0263-51-5230,026-295-4444,338010,甲信営業所,309,甲信,101,日本,34,長野,長野県
70446-56,ヤマト運輸㈱　員弁大安センター止め,511-0264,三重県いなべ市大安町石榑東字北野１８５２－１,(ｾﾝﾀｰｺｰﾄﾞ:055020),0570-200-000,059-329-6177,221010,大阪支店,201,大阪,101,日本,43,三重,三重県
70446-57,ヤマト運輸㈱　本庄中央センター止め,367-0024,埼玉県本庄市大字東五十子字赤坂６５９,(ｾﾝﾀｰｺｰﾄﾞ:034040),0570-200-000,"	0493-25-0683",331010,東京営業所,301,東京,101,日本,23,埼玉,埼玉県
70446-58,ヤマト運輸㈱　芳賀市貝センター止め,321-3423,栃木県芳賀郡市貝町市塙字北越１３８９－２,(ｾﾝﾀｰｺｰﾄﾞ:022140),0570-200-000,0289-76-6911,332010,関東支店,302,関東,101,日本,25,栃木,栃木県
70446-60,ヤマト運輸㈱大野春日センター,912-0053,福井県大野市春日１６１－５－１,(ｾﾝﾀｰｺｰﾄﾞ:046300),0570-200-000,0776-52-2410,225010,滋賀営業所,205,滋賀,101,日本,33,福井,福井県
70446-62,ヤマト運輸　つくば桜センター止め,305-0812,茨城県つくば市東平塚１１４０－１つくば平塚センタ－内,(ｾﾝﾀｰｺｰﾄﾞ:021101),0570-200-000,029-831-3413,332010,関東支店,302,関東,101,日本,24,茨城,茨城県
70446-64,ヤマト運輸　甲府住吉センター止メ,400-0851,山梨県甲府市住吉４丁目２２－１５,(ｾﾝﾀｰｺｰﾄﾞ:037070),0570-200-000,055-268-5606,338010,甲信営業所,309,甲信,101,日本,27,山梨,山梨県
70446-65,ヤマト運輸　小野センター止メ,963-4112,福島県田村市大越町下大越字上田７２,(ｾﾝﾀｰｺｰﾄﾞ:015080),0570-200-000,024-968-1050,332010,関東支店,302,関東,101,日本,16,福島,福島県
70446-66,ヤマト運輸　飯田三日市場営業所止め,395-0155,長野県飯田市三日市場１４１２－１,(ｾﾝﾀｰｺｰﾄﾞ:043020),0263-51-5230,,338010,甲信営業所,309,甲信,101,日本,34,長野,長野県
70446-67,ヤマト運輸　登米佐沼センター止メ,987-0513,宮城県登米市迫町北方字舟橋前２６,(ｾﾝﾀｰｺｰﾄﾞ:013040),0570-200-000,022-777-5254,333010,仙台営業所,303,仙台,101,日本,14,宮城,宮城県
70446-68,ヤマト運輸　信州中野営業所（信州中野）,383-0045,長野県中野市大字江部１４０９－５,(ｾﾝﾀｰｺｰﾄﾞ:042040),0263-51-5230,026-295-4444,338010,甲信営業所,309,甲信,101,日本,34,長野,長野県
70446-69,ヤマト運輸小松島営業所（金磯）止メ,773-0007,徳島県小松島市金磯町字土手町２２－１,(ｾﾝﾀｰｺｰﾄﾞ:082130),0570-200-000,088-699-7571,221010,大阪支店,201,大阪,101,日本,72,徳島,徳島県
70446-70,ヤマト運輸　刈谷半城土センター,448-0816,愛知県刈谷市半城土西町３丁目４－７,(ｾﾝﾀｰｺｰﾄﾞ:053300),0570-200-000,0565-77-1006,11010,名古屋支店,101,名古屋,101,日本,41,愛知,愛知県
70446-72,ヤマト運輸㈱ 碧南伏見センター止め,447-0807,愛知県碧南市伏見町３－１,(ｾﾝﾀｰｺｰﾄﾞ:053190),0570-200-000,0565-77-1006,11010,名古屋支店,101,名古屋,101,日本,41,愛知,愛知県
70446-73,ヤマト運輸㈱阿南営業所（見能林）止メ,774-0017,徳島県阿南市見能林町大作半１９－１,(ｾﾝﾀｰｺｰﾄﾞ:082140),0570-200-000,088-699-7571,221010,大阪支店,201,大阪,101,日本,72,徳島,徳島県
70446-74,ヤマト運輸㈱笠間泉センター止め,319-0209,茨城県笠間市泉２２０１－１,(ｾﾝﾀｰｺｰﾄﾞ:021181),0570-200-000,029-831-3413,332010,関東支店,302,関東,101,日本,24,茨城,茨城県
70446-75,ヤマト運輸　甲府下石田センター止メ,400-0046,山梨県甲府市下石田２丁目２１－１５,(ｾﾝﾀｰｺｰﾄﾞ:037012),0570-200-000,055-268-5606,338010,甲信営業所,309,甲信,101,日本,27,山梨,山梨県
70446-76,ヤマト運輸　笛吹営業所（御坂）止メ,406-0805,山梨県笛吹市御坂町栗合１８１－１,(ｾﾝﾀｰｺｰﾄﾞ:037160),0263-51-5230,055-268-5606,338010,甲信営業所,309,甲信,101,日本,27,山梨,山梨県
70446-78,ヤマト運輸㈱　三重白山営業所止メ,515-3133,三重県津市白山町南家城野添８４９－４,(ｾﾝﾀｰｺｰﾄﾞ:055130),0570-200-000,059-329-6177,225010,滋賀営業所,205,滋賀,101,日本,43,三重,三重県
70446-79,ヤマト運輸　栃木大平センター止メ,329-4404,栃木県栃木市大平町富田字稲荷２３８９－１,(ｾﾝﾀｰｺｰﾄﾞ:022170),0570-200-000,0289-76-6911,332010,関東支店,302,関東,101,日本,25,栃木,栃木県
70446-80,ヤマト運輸　伊那営業所（南箕輪）止メ,399-4511,長野県上伊那郡南箕輪村三本木原８３０４－５２２,(ｾﾝﾀｰｺｰﾄﾞ:043043),0570-200-743,0263-51-1638,338010,甲信営業所,309,甲信,101,日本,34,長野,長野県
70446-81,ヤマト運輸　船引センター止メ,963-4112,福島県田村市大越町下大越字上田７２,(ｾﾝﾀｰｺｰﾄﾞ:015260),0570-200-000,024-968-1050,332010,関東支店,302,関東,101,日本,16,福島,福島県
70446-82,ヤマト運輸　会津高野センター止メ,965-0076,福島県会津若松市高野町大字中沼字沼木２７２,(ｾﾝﾀｰｺｰﾄﾞ:015050),0570-200-000,024-968-1050,332010,関東支店,302,関東,101,日本,16,福島,福島県
70446-83,ヤマト運輸㈱　近江八幡営業所止メ,523-0816,滋賀県近江八幡市西庄町２００９,(ｾﾝﾀｰｺｰﾄﾞ:063130),0570-200-000,077-553-9810,225010,滋賀営業所,205,滋賀,101,日本,50,滋賀,滋賀県
70446-84,ヤマト運輸㈱　城東営業所（古市）止メ,536-0001,大阪府大阪市城東区古市1-4-35,(ｾﾝﾀｰｺｰﾄﾞ:161420),0570-200-000,06-6465-6810,221010,大阪支店,201,大阪,101,日本,54,大阪,大阪府
70446-85,ヤマト運輸　日高武蔵台センター止メ,350-1236,埼玉県日高市大字猿田字神明４１－１,(ｾﾝﾀｰｺｰﾄﾞ:034270),0570-200-000,"	0493-25-0683",331010,東京営業所,301,東京,101,日本,23,埼玉,埼玉県
70446-88,ヤマト運輸㈱岐阜瑞穂穂積センター止メ,501-0222,岐阜県瑞穂市別府字井場二ノ町１５７５－１,(ｾﾝﾀｰｺｰﾄﾞ:058120),0570-200-000,0575-25-6668,11010,名古屋支店,101,名古屋,101,日本,42,岐阜,岐阜県
70446-89,ヤマト運輸㈱　三重菰野営業所止メ,510-1312,三重県三重郡菰野町大字竹成字弥八１３３４,(ｾﾝﾀｰｺｰﾄﾞ:055071),0570-200-000,059-329-6177,225010,滋賀営業所,205,滋賀,101,日本,43,三重,三重県
70446-90,ヤマト運輸㈱　御船営業所止メ,861-3131,熊本県上益城郡御船豊秋７３７,(ｾﾝﾀｰｺｰﾄﾞ:094130),0570-200-000,096-287-8070,223010,福岡営業所,201,大阪,101,日本,84,熊本,熊本県
70446-91,ヤマト運輸㈱　市島営業所止メ,669-4131,兵庫県丹波市春日町七日市５９３,(ｾﾝﾀｰｺｰﾄﾞ:066663),0570-20-0766,078-903-3067,221010,大阪支店,201,大阪,101,日本,55,兵庫,兵庫県
70446-93,ヤマト運輸㈱　加西営業所（繁昌）止メ,675-2101,兵庫県加西市繁昌町字南ノ岡乙４,(ｾﾝﾀｰｺｰﾄﾞ:067041),0570-200-000,079-252-8808,221010,大阪支店,201,大阪,101,日本,55,兵庫,兵庫県
70446-96,ヤマト運輸㈱　丸亀営業所止メ,763-0066,香川県丸亀市天満町１丁目８５２－１,(ｾﾝﾀｰｺｰﾄﾞ:080150),0877-85-2838,0877-45-5774,222010,広島営業所,202,広島,101,日本,71,香川,香川県
70446-97,ヤマト運輸㈱　多気営業所止メ,519-2212,三重県多気郡多気町色太字石神９４７－２３,(ｾﾝﾀｰｺｰﾄﾞ:055220),0570-200-000,059-329-6177,221010,大阪支店,201,大阪,101,日本,43,三重,三重県
70446-98,ヤマト運輸㈱　羽島平方営業所止め,501-6236,岐阜県羽島市江吉良町字村前２２４４,(ｾﾝﾀｰｺｰﾄﾞ:058070),0570-200-000,"	0575-25-6668",11010,名古屋支店,101,名古屋,101,日本,42,岐阜,岐阜県
70446-99,ヤマト運輸㈱　日進営業所止め,470-0111,愛知県日進市米野木町家下１１６-１,(ｾﾝﾀｰｺｰﾄﾞ:057143),0570-200-000,,11010,名古屋支店,101,名古屋,101,日本,41,愛知,愛知県
70448-01,ヤマト運輸㈱　松川高森営業所止め,399-3303,長野県下伊那郡松川町元大島５２１６－１,(ｾﾝﾀｰｺｰﾄﾞ:043360),0263-51-5230,,338010,甲信営業所,309,甲信,101,日本,34,長野,長野県
70448-03,ヤマト運輸㈱　浜松高丘センター止め,433-8118,静岡県浜松市中央区高丘西２－３２－７１,(ｾﾝﾀｰｺｰﾄﾞ:052070),0570-200-000,053-435-4445,116010,浜松営業所,106,浜松,101,日本,40,静岡,静岡県
70448-05,ヤマト運輸㈱　小松営業所止め,923-0004,石川県小松市長崎町４丁目９６,(ｾﾝﾀｰｺｰﾄﾞ:045093),0570-200-000,076-240-1692,11010,名古屋支店,101,名古屋,101,日本,32,石川,石川県
70448-06,ヤマト運輸㈱　小野営業所止メ,675-1365,兵庫県小野市広渡町字道ノ下８２０－１,(ｾﾝﾀｰｺｰﾄﾞ:066930),0570-200-000,079-252-8808,221010,大阪支店,201,大阪,101,日本,55,兵庫,兵庫県
70485-00,ヤマト運輸㈱　藤枝大東営業所止め,426-0004,静岡県藤枝市大東町字南８２０,(ｾﾝﾀｰｺｰﾄﾞ:150900),0570-200-000,,116010,浜松営業所,106,浜松,101,日本,40,静岡,静岡県
70489-00,ヤマト運輸㈱　古賀営業所止メ,811-3103,福岡県古賀市中央１丁目３－５,(ｾﾝﾀｰｺｰﾄﾞ:091522),0570-200-000,093-475-8014,223010,福岡営業所,203,福岡,101,日本,80,福岡,福岡県
70495-00,ヤマト運輸㈱　弘前城北センター止め,036-8076,青森県弘前市大字境関西田１９－２,(ｾﾝﾀｰｺｰﾄﾞ:010014),0570-200-000,"	017-762-5370",332010,関東支店,302,関東,101,日本,11,青森,青森県
70495-01,ヤマト運輸㈱　岩見沢東センター止め,068-0004,北海道岩見沢市四条東１３－１１,(ｾﾝﾀｰｺｰﾄﾞ:003460),0570-200-000,0123-28-7712,332010,関東支店,302,関東,101,日本,10,北海道,北海道
70498-00,ヤマト運輸㈱　桶川坂田センター止メ,363-0008,埼玉県桶川市大字坂田７６７－１,(ｾﾝﾀｰｺｰﾄﾞ:034290),0570-200-000,"	0493-25-0683",331010,東京営業所,301,東京,101,日本,23,埼玉,埼玉県
70500-00,ヤマト運輸㈱　浜名湖新居センター止メ,431-0301,静岡県湖西市新居町中之郷４０３２,(ｾﾝﾀｰｺｰﾄﾞ:052031),0570-200-000,053-435-5482,116010,浜松営業所,106,浜松,101,日本,40,静岡,静岡県
70500-01,ヤマト運輸㈱福知山南営業所止メ,620-0848,京都府福知山市字長田市の谷２１０１,(ｾﾝﾀｰｺｰﾄﾞ:062823),0570-200-000,075-633-2660,222010,広島営業所,202,広島,101,日本,51,京都,京都府
70501-00,ヤマト運輸㈱　筑後小郡営業所止メ,838-0142,福岡県小郡市大板井字大町１３９７－１,(ｾﾝﾀｰｺｰﾄﾞ:190190),0570-200-000,0942-51-3155,223010,福岡営業所,203,福岡,101,日本,80,福岡,福岡県
70501-02,ヤマト運輸㈱　銚子小浜営業所止め,288-0821,千葉県銚子市小浜町１９５８－１,(ｾﾝﾀｰｺｰﾄﾞ:125180),0570-200-000,,332010,関東支店,302,関東,101,日本,22,千葉,千葉県
70503-00,ヤマト運輸㈱　高崎さのセンター止め,370-0034,群馬県高崎市下大類町１１３,(ｾﾝﾀｰｺｰﾄﾞ:023141),0570-200-000,027-290-3812,332010,関東支店,302,関東,101,日本,26,群馬,群馬県
70504-00,ヤマト運輸㈱　日立金沢センター止メ,316-0002,茨城県日立市桜川町３丁目１１－１０,(ｾﾝﾀｰｺｰﾄﾞ:021202),0570-200-000,029-831-3413,332010,関東支店,302,関東,101,日本,24,茨城,茨城県
70509-01,ヤマト運輸㈱　宇都宮大通りセンター止メ,320-0811,栃木県宇都宮市不動前３丁目１－２３,(ｾﾝﾀｰｺｰﾄﾞ:022160),0570-200-000,0289-76-6911,332010,関東支店,302,関東,101,日本,25,栃木,栃木県
70509-02,ヤマト運輸㈱　吉田かんどセンター止メ,421-0304,静岡県榛原郡吉田町神戸字日の出上２２００－１０,(ｾﾝﾀｰｺｰﾄﾞ:052920),0570-200-000,054-266-3273,116010,浜松営業所,106,浜松,101,日本,40,静岡,静岡県
70509-04,ヤマト運輸㈱　嘉川営業所止メ,754-0896,山口県山口市江崎２９１０－１,(ｾﾝﾀｰｺｰﾄﾞ:073140),0570-200-000,083-986-3815,222010,広島営業所,202,広島,101,日本,64,山口,山口県
70509-05,ヤマト運輸㈱　安来営業所（飯島）止メ,692-0001,島根県安来市赤江町１８８５－４,(ｾﾝﾀｰｺｰﾄﾞ:077230),0570-200-000,0868-54-7166,221010,大阪支店,201,大阪,101,日本,63,島根,島根県
70510-00,ヤマト運輸㈱大分大在営業所止メ,870-0244,大分県大分市須賀２－１７－２９,(ｾﾝﾀｰｺｰﾄﾞ:095190),0570-200-000,097-514-3031,223010,福岡営業所,203,福岡,101,日本,83,大分,大分県
70512-00,ヤマト運輸㈱　茨木畑田営業所止メ,567-0028,大阪府茨木市畑田町１－７,(ｾﾝﾀｰｺｰﾄﾞ:068411),0570-200-760,072-655-9226,221010,大阪支店,201,大阪,101,日本,54,大阪,大阪府
70516-00,ヤマト運輸㈱　米子東営業所止メ,689-3403,鳥取県米子市淀江町西原字三軒屋１２０７番地１,(ｾﾝﾀｰｺｰﾄﾞ:077060),0570-200-000,0868-54-7166,221010,大阪支店,201,大阪,101,日本,62,鳥取,鳥取県
70516-01,ヤマト運輸㈱　南越営業所（葛岡）止メ,915-0041,福井県越前市葛岡町７－１１－,(ｾﾝﾀｰｺｰﾄﾞ:046120),0570-200-000,0776-52-2410,225010,滋賀営業所,205,滋賀,101,日本,33,福井,福井県
70516-02,ヤマト運輸㈱松茂営業所止メ,771-0212,徳島県板野郡松茂町中喜来字福有開拓３０８－１９,(ｾﾝﾀｰｺｰﾄﾞ:082042),0570-200-000,088-699-7571,221010,大阪支店,201,大阪,101,日本,72,徳島,徳島県
70516-03,ヤマト運輸㈱　吉野川営業所（鴨島）止メ,776-0020,徳島県吉野川市鴨島町西麻植字絵馬堂３０,(ｾﾝﾀｰｺｰﾄﾞ:082080),0570-200-000,088-699-7571,221010,大阪支店,201,大阪,101,日本,72,徳島,徳島県
70516-05,ヤマト運輸㈱　岡山上道営業所止メ,709-0625,岡山県岡山市東区上道北方３４６,(ｾﾝﾀｰｺｰﾄﾞ:077150),0570-200-000,086-277-3989,221010,大阪支店,201,大阪,101,日本,60,岡山,岡山県
70516-06,ヤマト運輸㈱　倉敷玉島営業所止メ,710-0253,岡山県倉敷市新倉敷駅前５－１３８,(ｾﾝﾀｰｺｰﾄﾞ:070202),0570-200-000,086-277-3989,221010,大阪支店,201,大阪,101,日本,60,岡山,岡山県
70516-07,ヤマト運輸㈱　湖南営業所（岩根）止メ,520-3254,滋賀県湖南市岩根中央３丁目５９番地,(ｾﾝﾀｰｺｰﾄﾞ:063060),0570-200-000,077-553-9810,225010,滋賀営業所,205,滋賀,101,日本,50,滋賀,滋賀県
70516-08,ヤマト運輸㈱　長岡京営業所止メ,617-0837,京都府長岡京市久貝１－４２２－１,(ｾﾝﾀｰｺｰﾄﾞ:062962),0570-200-000,075-633-2660,221010,大阪支店,201,大阪,101,日本,51,京都,京都府
70516-09,ヤマト運輸㈱　彦根営業所（大堀）止メ,522-0026,滋賀県彦根市大堀町３６０－１,(ｾﾝﾀｰｺｰﾄﾞ:063034),0570-200-000,077-553-9810,225010,滋賀営業所,205,滋賀,101,日本,50,滋賀,滋賀県
70516-11,ヤマト運輸㈱　津山東営業所（勝北）止メ,708-1126,岡山県津山市押入１１４－１,(ｾﾝﾀｰｺｰﾄﾞ:077160),0570-200-000,0868-54-7166,221010,大阪支店,201,大阪,101,日本,60,岡山,岡山県
70516-12,ヤマト運輸㈱いまご営業所止メ,639-1031,奈良県大和郡山市今国府町字不動堂７０－１,(ｾﾝﾀｰｺｰﾄﾞ:064920),0570-200-000,0743-56-6122,221010,大阪支店,201,大阪,101,日本,52,奈良,奈良県
70516-13,ヤマト運輸㈱香芝営業所止メ,639-0271,奈良県葛城市加守字堂ヶ谷１３６５－４,(ｾﾝﾀｰｺｰﾄﾞ:064073),0570-200-000,0743-56-6122,221010,大阪支店,201,大阪,101,日本,52,奈良,奈良県
70516-14,ヤマト運輸㈱西宇治営業所止メ,611-0043,京都府宇治市伊勢田町砂田１４８－１,(ｾﾝﾀｰｺｰﾄﾞ:162150),0570-200-000,075-604-4863,221010,大阪支店,201,大阪,101,日本,51,京都,京都府
70516-15,ヤマト運輸㈱　近江八幡営業所止メ,523-0816,滋賀県近江八幡市西庄町２００９,(ｾﾝﾀｰｺｰﾄﾞ:063092),0570-200-000,077-553-9810,225010,滋賀営業所,205,滋賀,101,日本,50,滋賀,滋賀県
70516-16,ヤマト運輸㈱　庄原営業所止メ,727-0022,広島県庄原市上原町字大場５０５－１,(ｾﾝﾀｰｺｰﾄﾞ:071071),0570-200-000,0824-62-3061,222010,広島営業所,202,広島,101,日本,61,広島,広島県
70516-17,ヤマト運輸㈱　羽曳野営業所（島泉）止メ,583-0881,大阪府羽曳野市島泉８－１４７－１,(ｾﾝﾀｰｺｰﾄﾞ:160240),0570-200-000,06-6904-7571,221010,大阪支店,201,大阪,101,日本,54,大阪,大阪府
70516-18,ヤマト運輸㈱　広島千代田営業所止メ,731-1512,広島県山県郡北広島町川東字氏神３２６０,(ｾﾝﾀｰｺｰﾄﾞ:072010),0570-200-000,082-849-0090,222010,広島営業所,202,広島,101,日本,61,広島,広島県
70516-19,ヤマト運輸㈱　赤磐ネオポリス営業所止メ,709-0812,岡山県赤磐市沼田９２７－１,(ｾﾝﾀｰｺｰﾄﾞ:077151),0570-200-000,0868-54-7166,221010,大阪支店,201,大阪,101,日本,60,岡山,岡山県
70516-20,ヤマト運輸㈱　鳥取中央営業所止メ,680-0911,鳥取県鳥取市千代水３－３０,(ｾﾝﾀｰｺｰﾄﾞ:077017),0570-200-000,0868-54-7166,221010,大阪支店,201,大阪,101,日本,62,鳥取,鳥取県
70516-21,ヤマト運輸㈱　高梁営業所（津川）止メ,716-0002,岡山県高梁市津川町今津８８８－１,(ｾﾝﾀｰｺｰﾄﾞ:077131),0570-200-000,0868-54-7166,222010,広島営業所,202,広島,101,日本,60,岡山,岡山県
70516-22,ヤマト運輸㈱　愛知川営業所止メ,529-1313,滋賀県愛知郡愛荘町市字大久保１６３８,(ｾﾝﾀｰｺｰﾄﾞ:063161),0570-200-000,077-553-9810,225010,滋賀営業所,205,滋賀,101,日本,50,滋賀,滋賀県
70516-23,ヤマト運輸㈱　相生営業所止メ,678-0001,兵庫県相生市山手２－１－１,(ｾﾝﾀｰｺｰﾄﾞ:067162),0570-200-000,079-252-8808,221010,大阪支店,201,大阪,101,日本,55,兵庫,兵庫県
70516-24,ヤマト運輸㈱吹田山田営業所止メ,565-0825,大阪府吹田市山田北９－１３,(ｾﾝﾀｰｺｰﾄﾞ:068341),0570-200-000,072-655-9226,221010,大阪支店,201,大阪,101,日本,54,大阪,大阪府
70516-25,ヤマト運輸㈱土成営業所止メ,776-0020,徳島県阿波市土成町水田字堂ケ池３３－１,(ｾﾝﾀｰｺｰﾄﾞ:082080),0570-200-000,088-699-7571,221010,大阪支店,201,大阪,101,日本,72,徳島,徳島県
70516-26,ヤマト運輸㈱　境港営業所（なか海）止メ,684-0031,鳥取県境港市湊町１３８－２,(ｾﾝﾀｰｺｰﾄﾞ:077040),0570-200-000,0868-54-7166,222010,広島営業所,202,広島,101,日本,62,鳥取,鳥取県
70516-27,ヤマト運輸㈱北葛城営業所（広陵）止メ,635-0811,奈良県北葛城郡広陵町大字弁財天字二ノ坪１４４－１,(ｾﾝﾀｰｺｰﾄﾞ:064162),0570-200-000,0743-56-6122,221010,大阪支店,201,大阪,101,日本,52,奈良,奈良県
70516-28,ヤマト運輸㈱　西条西営業所（東予）止メ,791-0502,愛媛県西条市丹原町願連寺６８５－１,(ｾﾝﾀｰｺｰﾄﾞ:085250),082-874-6320,089-963-8673,222010,広島営業所,202,広島,101,日本,73,愛媛,愛媛県
70516-29,ヤマト運輸㈱　阿南営業所（見能林）止メ,774-0017,徳島県阿南市見能林町大作半１９－１,(ｾﾝﾀｰｺｰﾄﾞ:082140),0570-200-000,088-699-7571,221010,大阪支店,201,大阪,101,日本,72,徳島,徳島県
70516-30,ヤマト運輸㈱　加東営業所（滝野社）止メ,673-1431,兵庫県加東市社字防ノ下１３３９,(ｾﾝﾀｰｺｰﾄﾞ:066922),0570-200-000,079-252-8808,221010,大阪支店,201,大阪,101,日本,55,兵庫,兵庫県
70516-31,ヤマト運輸㈱　鳥取中央営業所止メ,680-0911,鳥取県鳥取市千代水３－３０,(ｾﾝﾀｰｺｰﾄﾞ:077010),0570-200-000,0868-54-7166,221010,大阪支店,201,大阪,101,日本,62,鳥取,鳥取県
70516-32,ヤマト運輸㈱　山崎営業所（宍粟南）止メ,671-2573,兵庫県宍粟市山崎町今宿２４９－１,(ｾﾝﾀｰｺｰﾄﾞ:067140),0570-200-000,079-252-8808,221010,大阪支店,201,大阪,101,日本,54,大阪,大阪府
70516-33,ヤマト運輸㈱　大和高田営業所止メ,639-2113,奈良県葛城市北花内口ノ町６２１,(ｾﾝﾀｰｺｰﾄﾞ:064112),0570-200-000,0743-56-6122,221010,大阪支店,201,大阪,101,日本,52,奈良,奈良県
70516-34,ヤマト運輸㈱和歌山南インター営業所止,640-0332,和歌山県和歌山市冬野１４３９－１,(ｾﾝﾀｰｺｰﾄﾞ:065051),0570-200-000,073-499-4572,221010,大阪支店,201,大阪,101,日本,53,和歌山,和歌山県
70516-35,ヤマト運輸㈱古河間中橋営業所止め,306-0106,茨城県古河市北間中橋１７７－１,(ｾﾝﾀｰｺｰﾄﾞ:021370),0570-200-000,,332010,関東支店,302,関東,101,日本,24,茨城,茨城県
70516-36,ヤマト運輸甲斐営業所止め,400-0126,山梨県甲斐市大下条３１７－１,(ｾﾝﾀｰｺｰﾄﾞ:037120),0570-200-000,055-268-5606,338010,甲信営業所,309,甲信,101,日本,27,山梨,山梨県
70516-37,ヤマト運輸中原宮内営業所止メ,211-0051,神奈川県川崎市中原区宮内２－１９－１９,(ｾﾝﾀｰｺｰﾄﾞ:128110),0570-200-000,045-521-8700,335010,神奈川営業所,304,神奈川,101,日本,21,神奈川,神奈川県
70516-38,ヤマト運輸茅野宮川営業所止メ,391-0013,長野県茅野市宮川字平通１９５９－２,(ｾﾝﾀｰｺｰﾄﾞ:043130),0570-200-000,0263-51-1638,338010,甲信営業所,309,甲信,101,日本,34,長野,長野県
70516-39,ヤマト運輸　能生営業所,949-1352,新潟県糸魚川市大字能生字鱗７５０－４,(ｾﾝﾀｰｺｰﾄﾞ:041810),0570-200-000,0258-46-0585,336010,関東支店,306,新潟,101,日本,30,新潟,新潟県
70516-40,ヤマト運輸　南アルプス営業所,400-0301,山梨県南アルプス市桃園字北畑３７０－１,(ｾﾝﾀｰｺｰﾄﾞ:037090),0263-51-5230,055-268-5606,338010,甲信営業所,309,甲信,101,日本,27,山梨,山梨県
70516-41,ヤマト運輸　駒ヶ根営業所止め,399-4117,長野県駒ケ根市赤穂５６２１－２,(ｾﾝﾀｰｺｰﾄﾞ:043041),0263-51-5230,0263-51-1638,338010,甲信営業所,309,甲信,101,日本,34,長野,長野県
70516-42,ヤマト運輸　韮崎営業所止め,407-0005,山梨県韮崎市一ツ谷１８８６－１,(ｾﾝﾀｰｺｰﾄﾞ:037020),0263-51-5230,055-268-5606,338010,甲信営業所,309,甲信,101,日本,27,山梨,山梨県
70516-43,ヤマト運輸　臼田営業所止め（信州臼田）,384-0301,長野県佐久市臼田１１０２－６,(ｾﾝﾀｰｺｰﾄﾞ:042141),0263-51-5230,026-295-4444,338010,甲信営業所,309,甲信,101,日本,34,長野,長野県
70516-44,ヤマト運輸㈱　倉敷中島営業所止メ,710-0803,岡山県倉敷市中島1150-1,(ｾﾝﾀｰｺｰﾄﾞ:070303),0570-200-000,086-277-3989,221010,大阪支店,201,大阪,101,日本,60,岡山,岡山県
70516-45,ヤマト運輸㈱　徳王営業所（徳王）止メ,861-5522,熊本県熊本市北区下硯川町字屋敷添２００９,(ｾﾝﾀｰｺｰﾄﾞ:094320),0570-200-000,096-287-8070,223010,福岡営業所,203,福岡,101,日本,84,熊本,熊本県
70516-46,ヤマト運輸㈱　塩尻大門営業所止メ,399-0744,長野県塩尻市大門１２６５,(ｾﾝﾀｰｺｰﾄﾞ:043061),0263-51-5230,0263-51-1638,338010,甲信営業所,309,甲信,101,日本,34,長野,長野県
70516-47,ヤマト運輸㈱　東小諸営業所止メ,384-0083,長野県小諸市市８０４－３,(ｾﾝﾀｰｺｰﾄﾞ:042091),0263-51-5230,026-295-4444,338010,甲信営業所,309,甲信,101,日本,34,長野,長野県
70516-48,ヤマト運輸　甲府南営業所（玉穂）止め,409-3803,山梨県中央市若宮５２－２,(ｾﾝﾀｰｺｰﾄﾞ:037014),0263-51-5230,055-268-5606,338010,甲信営業所,309,甲信,101,日本,27,山梨,山梨県
70516-49,ヤマト運輸　峡南営業所（峡南）止め,400-0601,山梨県南巨摩郡富士川町鰍沢１４２３－２,(ｾﾝﾀｰｺｰﾄﾞ:037060),0263-51-5230,055-268-5606,338010,甲信営業所,309,甲信,101,日本,27,山梨,山梨県
70519-00,ヤマト運輸㈱　別府東荘園営業所止メ,874-0840,大分県別府市大字鶴見４５４６番地１,(ｾﾝﾀｰｺｰﾄﾞ:095220),0570-200-000,097-514-3031,223010,福岡営業所,203,福岡,101,日本,83,大分,大分県
70520-00,ヤマト運輸㈱　筑前営業所（夜須）止メ,838-0815,福岡県朝倉郡筑前町野町字大牟田１１４７－１,(ｾﾝﾀｰｺｰﾄﾞ:190140),0570-200-000,0942-51-3155,223010,福岡営業所,203,福岡,101,日本,80,福岡,福岡県
70525-00,ヤマト運輸㈱　和歌山東営業所止メ,640-8323,和歌山県和歌山市太田字神ノ畔１１９－１,(ｾﾝﾀｰｺｰﾄﾞ:065370),0570-200-000,073-499-4572,221010,大阪支店,201,大阪,101,日本,53,和歌山,和歌山県
70528-00,ヤマト運輸㈱　行橋営業所止メ,824-0033,福岡県行橋市北泉２－３－１,(ｾﾝﾀｰｺｰﾄﾞ:091031),0570-200-000,093-475-8014,223010,福岡営業所,203,福岡,101,日本,80,福岡,福岡県
70528-01,ヤマト運輸㈱　三芳営業所（埼玉上富）,354-0044,埼玉県入間郡三芳町北永井７４－１,(ｾﾝﾀｰｺｰﾄﾞ:034750),0570-200-000,,331010,東京営業所,301,東京,101,日本,23,埼玉,埼玉県
70533-00,ヤマト運輸㈱　大分国東営業所止メ,873-0503,大分県国東市国東町鶴川１６５６,(ｾﾝﾀｰｺｰﾄﾞ:095120),0570-200-000,097-514-3031,223010,福岡営業所,203,福岡,101,日本,83,大分,大分県
70534-00,ヤマト運輸㈱　熊本南営業所（浜線）止メ,862-0947,熊本県熊本市東区画図町重富字前無田４９９－１,(ｾﾝﾀｰｺｰﾄﾞ:094342),0570-200-000,096-287-8070,223010,福岡営業所,203,福岡,101,日本,84,熊本,熊本県
70539-00,ヤマト運輸㈱　中津営業所止メ,871-0007,大分県中津市蛎瀬字小松１２５０－１,(ｾﾝﾀｰｺｰﾄﾞ:091801),0570-200-000,097-514-3031,223010,福岡営業所,203,福岡,101,日本,83,大分,大分県
70541-00,ヤマト運輸㈱　神戸西営業所止メ,651-2231,兵庫県神戸市西区櫨谷町寺谷１２４２－６３１,(ｾﾝﾀｰｺｰﾄﾞ:066240),0570-200-766,078-903-3067,221010,大阪支店,201,大阪,101,日本,55,兵庫,兵庫県
70542-00,ヤマト運輸㈱　福岡篠栗営業所止メ,811-2501,福岡県糟屋郡久山町久原３０１８番,(ｾﾝﾀｰｺｰﾄﾞ:090840),0570-200-000,092-939-3981,223010,福岡営業所,203,福岡,101,日本,80,福岡,福岡県
70544-00,ヤマト運輸㈱　朝倉営業所止メ,838-0065,福岡県朝倉市一木イナキテ４５８－１,(ｾﾝﾀｰｺｰﾄﾞ:190141),0570-200-000,0942-51-3155,223010,福岡営業所,203,福岡,101,日本,80,福岡,福岡県
70544-01,ヤマト運輸㈱八千代上高野センター止メ,276-0022,千葉県八千代市上高野４０７－１１,(ｾﾝﾀｰｺｰﾄﾞ:035180),0570-200-000,047-432-9302,332010,関東支店,302,関東,101,日本,22,千葉,千葉県
70544-02,ヤマト運輸㈱　東毛中央営業所,370-0613,群馬県邑楽郡邑楽町狸塚３５８－１,(ｾﾝﾀｰｺｰﾄﾞ:023011),0570-200-000,,332010,関東支店,302,関東,101,日本,26,群馬,群馬県
70544-03,ヤマト運輸　長岡東蔵王営業所,940-0029,新潟県長岡市東蔵王２丁目６－４０,(ｾﾝﾀｰｺｰﾄﾞ:041162),0570-200-000,0258-46-0585,336010,関東支店,306,新潟,101,日本,30,新潟,新潟県
70545-00,ヤマト運輸㈱　神戸伊川谷営業所止メ,651-2124,兵庫県神戸市西区伊川谷町潤和１０１３－１,(ｾﾝﾀｰｺｰﾄﾞ:066671),0570-200-000,078-903-3067,221010,大阪支店,201,大阪,101,日本,55,兵庫,兵庫県
70547-00,ヤマト運輸㈱　城陽営業所（富野）止メ,610-0121,京都府城陽市寺田新池８６－３,(ｾﾝﾀｰｺｰﾄﾞ:162141),0570-200-000,075-604-4863,225010,滋賀営業所,205,滋賀,101,日本,51,京都,京都府
70548-00,ヤマト運輸㈱　杵築営業所止メ,873-0015,大分県杵築市八坂五反鶴１８５１－１,(ｾﾝﾀｰｺｰﾄﾞ:095030),0570-200-000,097-514-3031,223010,福岡営業所,203,福岡,101,日本,83,大分,大分県
70549-00,ヤマト運輸㈱　和田山営業所止メ,669-5242,兵庫県朝来市和田山町宮田５５１,(ｾﾝﾀｰｺｰﾄﾞ:067080),0570-200-000,079-252-8808,221010,大阪支店,201,大阪,101,日本,55,兵庫,兵庫県
70551-00,ヤマト運輸㈱　福崎営業所（神崎北）止メ,679-2203,兵庫県神崎郡福崎町南田原字坂の下２１７８－１,(ｾﾝﾀｰｺｰﾄﾞ:067181),0570-200-000,079-252-8808,221010,大阪支店,201,大阪,101,日本,55,兵庫,兵庫県
70552-01,ヤマト運輸㈱　埼玉児玉営業所,367-0212,埼玉県本庄市児玉町児玉字上中島860-1,(ｾﾝﾀｰｺｰﾄﾞ:034351),0570-200-000,0493-25-0683,331010,東京営業所,301,東京,101,日本,23,埼玉,埼玉県
70552-02,ヤマト運輸㈱　埼玉加須営業所（加須久下,347-0026,埼玉県加須市油井ケ島473-2,(ｾﾝﾀｰｺｰﾄﾞ:034130),0570-200-000,0493-25-0683,331010,東京営業所,301,東京,101,日本,23,埼玉,埼玉県
70553-00,ヤマト運輸㈱　厚木岡田センター止メ,243-0021,神奈川県厚木市岡田４丁目１－１０,(ｾﾝﾀｰｺｰﾄﾞ:027353),0570-200-000,046-296-9411,335010,神奈川営業所,304,神奈川,101,日本,21,神奈川,神奈川県
70555-00,ヤマト運輸㈱　富津営業所止メ,293-0006,千葉県富津市下飯野７７２－１,(ｾﾝﾀｰｺｰﾄﾞ:025293),0570-200-000,,332010,関東支店,302,関東,101,日本,22,千葉,千葉県
70557-00,ヤマト運輸㈱　豊町センター,142-0042,東京都品川区豊町２丁目３－５,(ｾﾝﾀｰｺｰﾄﾞ:036953),0570-200-000,"	03-6758-0124",331010,東京営業所,301,東京,101,日本,20,東京,東京都
70557-01,ヤマト運輸㈱　川崎塩浜センター止メ,210-0826,神奈川県川崎市川崎区池上町２－４,(ｾﾝﾀｰｺｰﾄﾞ:128171),0570-200-000,045-521-8700,335010,神奈川営業所,304,神奈川,101,日本,21,神奈川,神奈川県
70557-03,ヤマト運輸㈱　行田持田センター止メ,361-0056,埼玉県行田市持田字宮前９８０－１,(ｾﾝﾀｰｺｰﾄﾞ:034090),0570-200-000,0493-25-0683,331010,東京営業所,301,東京,101,日本,23,埼玉,埼玉県
70558-00,ヤマト運輸㈱　八幡東営業所止メ,805-0069,福岡県北九州市八幡東区前田１－３－５,(ｾﾝﾀｰｺｰﾄﾞ:091141),0570-200-000,093-475-8014,223010,福岡営業所,203,福岡,101,日本,80,福岡,福岡県
70559-00,ヤマト運輸㈱　御船営業所止メ,861-3131,熊本県上益城郡御船町豊秋７３７,(ｾﾝﾀｰｺｰﾄﾞ:094130),0570-200-000,096-287-8070,223010,福岡営業所,203,福岡,101,日本,84,熊本,熊本県
70560-00,ヤマト運輸㈱　北九州臨空営業所止メ,800-0352,福岡県京都郡苅田町富久１－２５－７,(ｾﾝﾀｰｺｰﾄﾞ:091330),0570-200-000,093-475-8014,223010,福岡営業所,203,福岡,101,日本,80,福岡,福岡県
70561-00,ヤマト運輸㈱　直方営業所止メ,822-0002,福岡県直方市大字頓野３１５５－１,(ｾﾝﾀｰｺｰﾄﾞ:091100),0570-200-000,093-475-8014,223010,福岡営業所,203,福岡,101,日本,80,福岡,福岡県
70562-00,ヤマト運輸㈱　大分萩原営業所止メ,870-0921,大分県大分市萩原４－８－１５,(ｾﾝﾀｰｺｰﾄﾞ:095202),0570-200-000,097-514-3031,223010,福岡営業所,203,福岡,101,日本,83,大分,大分県
70563-00,ヤマト運輸㈱　行橋営業所止メ,824-0033,福岡県行橋市北泉２－３－１,(ｾﾝﾀｰｺｰﾄﾞ:091031),0570-200-000,093-475-8014,223010,福岡営業所,203,福岡,101,日本,80,福岡,福岡県
70565-00,ヤマト運輸㈱　大武営業所止メ,882-0003,宮崎県延岡市稲葉崎４丁目２０７２,(ｾﾝﾀｰｺｰﾄﾞ:096200),0570-200-000,0985-56-0122,223010,福岡営業所,203,福岡,101,日本,85,宮崎,宮崎県
70567-00,ヤマト運輸㈱　佐賀北営業所（金立）止メ,849-0901,佐賀県佐賀市久保泉町大字川久保字御手水２５９２－１,(ｾﾝﾀｰｺｰﾄﾞ:092120),0570-200-000,0952-98-3547,223010,福岡営業所,203,福岡,101,日本,81,佐賀,佐賀県
70570-00,ヤマト運輸㈱東大阪花園営業所止メ,578-0932,大阪府東大阪市玉串町東１－６－２６,(ｾﾝﾀｰｺｰﾄﾞ:160192),0570-200-000,06-6904-7571,221010,大阪支店,201,大阪,101,日本,54,大阪,大阪府
70570-01,ヤマト運輸㈱板野北島営業所止メ,771-0214,徳島県板野郡松茂町満穂字満穂開拓１１４－３,(ｾﾝﾀｰｺｰﾄﾞ:082041),0570-200-000,088-699-7571,221010,大阪支店,201,大阪,101,日本,72,徳島,徳島県
70570-02,ヤマト運輸㈱伊勢崎境営業所止メ,370-0105,群馬県伊勢崎市境伊与久３３３８,(ｾﾝﾀｰｺｰﾄﾞ:023202),0570-200-000,,332010,関東支店,201,大阪,101,日本,26,群馬,群馬県
70570-03,ヤマト運輸㈱旭後草営業所（飯岡）止メ,289-2613,千葉県旭市後草２２４７－２,(ｾﾝﾀｰｺｰﾄﾞ:125261),0570-200-000,,332010,関東支店,302,関東,101,日本,22,千葉,千葉県
70571-00,ヤマト運輸㈱　春日北営業所（月の浦）止,816-0813,福岡県春日市惣利３－４６－４,(ｾﾝﾀｰｺｰﾄﾞ:190155),0570-200-000,0942-51-3155,223010,福岡営業所,203,福岡,101,日本,80,福岡,福岡県
70571-01,ヤマト運輸㈱　柏十余二営業所止メ,277-0872,千葉県柏市十余二１６４－２６,(ｾﾝﾀｰｺｰﾄﾞ:135310),0570-200-000,047-157-3542,332010,関東支店,302,関東,101,日本,22,千葉,千葉県
70575-00,ヤマト運輸㈱　大野城営業所（乙金）止メ,816-0901,福岡県大野城市乙金東３－５－３０,(ｾﾝﾀｰｺｰﾄﾞ:190242),0570-200-000,0942-51-3155,223010,福岡営業所,203,福岡,101,日本,80,福岡,福岡県
70581-00,ヤマト運輸㈱　玖珠営業所止メ,879-4405,大分県玖珠郡玖珠町大字岩室字野添２４８－１,(ｾﾝﾀｰｺｰﾄﾞ:095080),0570-200-000,097-514-3031,223010,福岡営業所,203,福岡,101,日本,83,大分,大分県
70582-00,ヤマト運輸㈱　大分宇佐営業所止メ,879-1135,大分県宇佐市大字和気１２５０－１,(ｾﾝﾀｰｺｰﾄﾞ:095010),0570-200-000,097-514-3031,223010,福岡営業所,203,福岡,101,日本,83,大分,大分県
70584-00,ヤマト運輸　飯田三日市場営業所（飯田鼎,395-0155,長野県飯田市三日市場１４１２－１,(ｾﾝﾀｰｺｰﾄﾞ:043022),0263-51-5230,0263-51-1638,338010,甲信営業所,309,甲信,101,日本,34,長野,長野県
70586-00,ヤマト運輸㈱　豊後高田センター止め,879-0608,大分県豊後高田市大字呉崎字下福有１８２６,(ｾﾝﾀｰｺｰﾄﾞ:095170),0570-200-000,097-514-3031,223010,福岡営業所,203,福岡,101,日本,83,大分,大分県
70594-00,ヤマト運輸㈱　大牟田営業所止メ,836-0003,福岡県大牟田市大字唐船字丁地３７７－１,(ｾﾝﾀｰｺｰﾄﾞ:190092),0570-200-000,0942-51-3155,223010,福岡営業所,203,福岡,101,日本,80,福岡,福岡県
70596-00,ヤマト運輸能生営業所止め,949-1352,新潟県糸魚川市大字能生字鱗７５０－４,(ｾﾝﾀｰｺｰﾄﾞ:041810),0256-68-3366,,336010,関東支店,306,新潟,101,日本,30,新潟,新潟県
70596-01,ヤマト運輸根岸営業所止め,110-0003,東京都台東区根岸４－１－２８　台歯会館,(ｾﾝﾀｰｺｰﾄﾞ:038148),0570-200-000,,331010,東京営業所,301,東京,101,日本,20,東京,東京都
70598-00,ヤマト運輸㈱　中津営業所（中津）,871-0007,大分県中津市蛎瀬字小松１２５０－１,(ｾﾝﾀｰｺｰﾄﾞ:091801),0570-200-000,097-514-3031,223010,福岡営業所,203,福岡,101,日本,83,大分,大分県
70601-00,ヤマト運輸㈱三田テクノパーク営業所,669-1345,兵庫県三田市下相野１４１８番地１７,(ｾﾝﾀｰｺｰﾄﾞ:066075),0570-200-000,078-908-3067,221010,大阪支店,201,大阪,101,日本,55,兵庫,兵庫県
70603-00,ヤマト運輸㈱　佐賀北営業所（金立）止メ,849-0901,佐賀県佐賀市久保泉町大字川久保字御手水２５９２－１,(ｾﾝﾀｰｺｰﾄﾞ:092120),0570-200-000,0952-98-3547,223010,福岡営業所,203,福岡,101,日本,81,佐賀,佐賀県
70610-00,ヤマト運輸㈱　神戸中央東営業所止メ,650-0045,兵庫県神戸市中央区港島６丁目６－２（神戸ポートアイランド）,(ｾﾝﾀｰｺｰﾄﾞ:066810),0570-200-000,078-903-3067,221010,大阪支店,201,大阪,101,日本,55,兵庫,兵庫県
70613-00,ヤマト運輸㈱北九州臨空センター止め,800-0352,福岡県京都郡苅田町富久１－２５－７,(ｾﾝﾀｰｺｰﾄﾞ:091330),0570-200-000,093-475-8014,223010,福岡営業所,203,福岡,101,日本,80,福岡,福岡県
70617-00,ヤマト運輸㈱　砥部営業所止メ,791-1126,愛媛県松山市大橋町４６６－１,(ｾﾝﾀｰｺｰﾄﾞ:084092),0570-200-000,089-963-5501,222010,広島営業所,202,広島,101,日本,73,愛媛,愛媛県
70617-01,ヤマト運輸㈱　犬山城下町止め,484-0086,愛知県犬山市松本町３－６５,(ｾﾝﾀｰｺｰﾄﾞ:056091),0570-200-000,0568-42-7400,11010,名古屋支店,101,名古屋,101,日本,41,愛知,愛知県
70618-00,ヤマト運輸㈱　徳島北島営業所,771-0214,徳島県板野郡松茂町満穂字満穂開拓１１４－３,(ｾﾝﾀｰｺｰﾄﾞ:082041),0570-200-000,088-699-7571,221010,大阪支店,201,大阪,101,日本,72,徳島,徳島県
70619-00,ヤマト運輸㈱京都伏見営業所止トメ,612-8246,京都府京都市伏見区横大路芝生１０－１,(ｾﾝﾀｰｺｰﾄﾞ:162090),0570-200-000,075-604-4863,221010,大阪支店,205,滋賀,101,日本,51,京都,京都府
70621-00,ヤマト運輸㈱　益田営業所止メ,698-0027,島根県益田市あけぼの東町１１－４,(ｾﾝﾀｰｺｰﾄﾞ:075141),0570-200-000,0824-62-3061,221010,大阪支店,201,大阪,101,日本,63,島根,島根県
70622-00,ヤマト運輸㈱　大分森営業所,870-0128,大分県大分市大字森字鴨園１２７４－１,(ｾﾝﾀｰｺｰﾄﾞ:095191),0570-200-000,,223010,福岡営業所,203,福岡,101,日本,83,大分,大分県
70623-00,ヤマト運輸㈱大分宇佐営業所(宇佐),879-1135,大分県宇佐市大字和気１２５０－１,(ｾﾝﾀｰｺｰﾄﾞ:095010),0570-200-000,097-514-3031,223010,福岡営業所,203,福岡,101,日本,83,大分,大分県
70625-00,ヤマト運輸㈱苅田営業所,800-0352,福岡県京都郡苅田町富久１－２５－７,(ｾﾝﾀｰｺｰﾄﾞ:091330),0570-200-000,,223010,福岡営業所,203,福岡,101,日本,80,福岡,福岡県
70626-00,ヤマト運輸㈱大分国東営業所（国東）,873-0503,大分県国東市国東町鶴川１６５６,(ｾﾝﾀｰｺｰﾄﾞ:095120),0570-200-000,,223010,福岡営業所,203,福岡,101,日本,83,大分,大分県
70627-00,ヤマト運輸㈱行橋営業所（行橋）,824-0033,福岡県行橋市北泉２－３－１,(ｾﾝﾀｰｺｰﾄﾞ:091031),0570-200-000,,223010,福岡営業所,203,福岡,101,日本,80,福岡,福岡県
70628-00,ヤマト運輸㈱　うきは営業所（浮羽）,839-1342,福岡県うきは市吉井町生葉五反田５６３－４,(ｾﾝﾀｰｺｰﾄﾞ:190260),0570-200-000,0942-51-3155,223010,福岡営業所,203,福岡,101,日本,80,福岡,福岡県
70630-00,ヤマト運輸㈱大分豊後高田営業所　　　　,879-0608,大分県豊後高田市大字呉崎字下福有１８２６,(ｾﾝﾀｰｺｰﾄﾞ:095170),0570-200-000,,223010,福岡営業所,203,福岡,101,日本,83,大分,大分県
70632-00,ヤマト運輸㈱豊前営業所（豊前）,828-0021,福岡県豊前市大字八屋５９－２,(ｾﾝﾀｰｺｰﾄﾞ:091120),0570-200-000,,223010,福岡営業所,203,福岡,101,日本,80,福岡,福岡県
70634-00,ヤマト運輸㈱中津営業所　　　　    　,871-0007,大分県中津市蛎瀬字小松1250ー１,(ｾﾝﾀｰｺｰﾄﾞ:091801),0570-200-000,,223010,福岡営業所,203,福岡,101,日本,83,大分,大分県
70635-00,ヤマト運輸㈱　新門司営業所止め,800-0101,福岡県北九州市門司区大字伊川字ツイ通１９５３番１,(ｾﾝﾀｰｺｰﾄﾞ:091070),0570-200-000,093-475-8014,223010,福岡営業所,203,福岡,101,日本,80,福岡,福岡県
70636-00,ヤマト運輸㈱　鞍手営業所（鞍手）,807-1301,福岡県鞍手郡鞍手町猪倉字石飛６０５－１,(ｾﾝﾀｰｺｰﾄﾞ:091061),0570-200-000,093-475-8014,223010,福岡営業所,203,福岡,101,日本,80,福岡,福岡県
70636-01,ヤマト運輸㈱　倉敷水江営業所止メ,710-0803,岡山県倉敷市中島２３４０－９,(ｾﾝﾀｰｺｰﾄﾞ:070373),0570-200-000,086-277-3989,221010,大阪支店,202,広島,101,日本,60,岡山,岡山県
72167-00,ヤマト運輸㈱　太宰府営業所（宰都）止メ,818-0132,福岡県太宰府市国分１－８－８,(ｾﾝﾀｰｺｰﾄﾞ:190253),0570-200-000,0942-51-3155,223010,福岡営業所,203,福岡,101,日本,80,福岡,福岡県
90103-01,ヤマト運輸㈱船津センター止め,401-0301,山梨県南都留郡富士河口湖町船津７４１２,(ｾﾝﾀｰｺｰﾄﾞ:037110),0570-200-000,055-268-5606,338010,甲信営業所,309,甲信,101,日本,27,山梨,山梨県
